21,0.010316,0.96826,0.200269
37,0.007996,0.969236,0.200879
53,0.008118,0.968382,0.202344
69,0.008606,0.963743,0.201001
84,0.009583,0.963499,0.199658
100,0.010682,0.969481,0.201733
115,0.012635,0.971678,0.203198
131,0.013978,0.969969,0.203076
146,0.009339,0.967283,0.203565
162,0.011781,0.967649,0.20271
178,0.011781,0.970213,0.202344
193,0.013123,0.966673,0.202954
209,0.009217,0.969481,0.200146
225,0.011048,0.966307,0.200879
240,0.00824,0.970335,0.200391
256,0.013368,0.966429,0.19917
272,0.011048,0.969358,0.20625
287,0.010316,0.963865,0.202344
303,0.0141,0.965086,0.201978
318,0.01349,0.96533,0.202344
334,0.012147,0.968504,0.203931
350,0.014588,0.968748,0.199414
365,0.012025,0.966307,0.197461
381,0.010804,0.964842,0.201489
396,0.011903,0.96594,0.19978
412,0.013978,0.97119,0.201733
428,0.008484,0.96472,0.199658
443,0.012269,0.970945,0.203076
459,0.012391,0.969969,0.200024
475,0.011781,0.965086,0.197705
490,0.011292,0.971922,0.203321
506,0.012635,0.973875,0.201978
521,0.012269,0.967649,0.19917
537,0.01349,0.967405,0.202222
553,0.012025,0.964109,0.200024
568,0.009827,0.965574,0.204053
584,0.008118,0.968504,0.201978
599,0.011414,0.966917,0.201245
615,0.012757,0.965086,0.202222
631,0.010804,0.966917,0.202588
646,0.015321,0.968382,0.203443
662,0.005188,0.968748,0.203565
678,0.016297,0.973265,0.202954
693,0.00824,0.965818,0.201611
709,0.009095,0.965086,0.198437
725,0.009583,0.967283,0.202222
740,0.010926,0.966673,0.202344
756,0.00763,0.96826,0.202832
771,0.014344,0.962888,0.199048
788,0.012879,0.96301,0.199902
803,0.010316,0.97119,0.200635
818,0.012757,0.966184,0.19917
835,0.006653,0.966917,0.201733
850,0.011536,0.966917,0.203321
865,0.013978,0.966184,0.200635
881,0.012025,0.965208,0.201367
896,0.012879,0.967283,0.19978
912,0.013734,0.968626,0.200513
928,0.011292,0.968504,0.200146
943,0.012879,0.968748,0.203076
960,0.011781,0.971556,0.204297
975,0.011292,0.96472,0.19978
990,0.011414,0.966184,0.201611
1006,0.014344,0.963987,0.198926
1021,0.0141,0.96472,0.198315
1037,0.013001,0.963499,0.200146
1053,0.011048,0.964964,0.203443
1068,0.011536,0.960569,0.199902
1084,0.011903,0.966795,0.200391
1100,0.011536,0.966795,0.203198
1115,0.01117,0.968748,0.201123
1131,0.011414,0.964231,0.201856
1146,0.012269,0.967894,0.197583
1162,0.012025,0.961057,0.202954
1178,0.01056,0.968016,0.200146
1193,0.009461,0.967527,0.201856
1209,0.014344,0.966429,0.196728
1225,0.011414,0.973631,0.200757
1240,0.011903,0.964475,0.19978
1257,0.013245,0.969847,0.201245
1271,0.008729,0.966307,0.203076
1287,0.012391,0.967771,0.202222
1303,0.012635,0.972166,0.201611
1319,0.012879,0.961668,0.19978
1334,0.011658,0.969603,0.2021
1350,0.010316,0.963621,0.201123
1365,0.009705,0.963377,0.199902
1381,0.013734,0.967039,0.201856
1396,0.010316,0.966795,0.201001
1412,0.013001,0.963621,0.20271
1428,0.010804,0.970213,0.203321
1443,0.011048,0.968138,0.203076
1459,0.011903,0.962766,0.200269
1475,0.010804,0.968626,0.2021
1490,0.013978,0.96594,0.200391
1506,0.0141,0.966307,0.201856
1521,0.012513,0.970823,0.199292
1537,0.014832,0.967649,0.201001
1553,0.0141,0.96887,0.19917
1568,0.011048,0.963499,0.202222
1584,0.011292,0.964231,0.203198
1600,0.011414,0.964231,0.198193
1615,0.011903,0.969236,0.201489
1631,0.011781,0.967161,0.203198
1646,0.008729,0.963621,0.201733
1662,0.011414,0.962888,0.199658
1678,0.012757,0.965696,0.198193
1693,0.013123,0.967039,0.198193
1709,0.008729,0.964475,0.201611
1725,0.013001,0.960447,0.202954
1740,0.011048,0.97119,0.204908
1756,0.011903,0.963377,0.202344
1771,0.012513,0.966307,0.19917
1787,0.012879,0.961545,0.201856
1803,0.010804,0.962644,0.19978
1818,0.013001,0.966917,0.203321
1834,0.013612,0.967894,0.204053
1850,0.010438,0.967039,0.202954
1865,0.009583,0.971312,0.202466
1896,0.011658,0.964353,0.204419
1912,0.013001,0.964842,0.20271
1928,0.011658,0.967039,0.202222
1944,0.0141,0.968382,0.200635
1960,0.011658,0.965208,0.202466
1975,0.016175,0.964475,0.203321
1990,0.009949,0.965696,0.2021
2006,0.013245,0.968504,0.200024
2022,0.011658,0.965086,0.200146
2037,0.010193,0.969481,0.204663
2053,0.013978,0.96472,0.201611
2069,0.012635,0.96472,0.201856
2084,0.015321,0.968138,0.203809
2100,0.009583,0.96887,0.197583
2116,0.01117,0.969969,0.196484
2131,0.009949,0.961301,0.200879
2147,0.013978,0.965818,0.203321
2162,0.012513,0.966551,0.204419
2178,0.015809,0.967405,0.202466
2194,0.012025,0.969481,0.204175
2209,0.008606,0.970091,0.201123
2225,0.010438,0.966429,0.199414
2241,0.014832,0.968016,0.199536
2256,0.009583,0.966551,0.201489
2272,0.009949,0.966307,0.205152
2288,0.01117,0.97119,0.202954
2303,0.009949,0.972288,0.202832
2319,0.00824,0.969969,0.200391
2334,0.013123,0.971922,0.199292
2350,0.012757,0.96887,0.204175
2366,0.010926,0.967161,0.202222
2382,0.011781,0.964597,0.198804
2397,0.009217,0.967039,0.202222
2412,0.013245,0.968382,0.198926
2428,0.0141,0.963865,0.201123
2444,0.009583,0.965818,0.199658
2459,0.010316,0.965574,0.19917
2475,0.011781,0.966795,0.200635
2491,0.012147,0.973021,0.203687
2506,0.010682,0.964475,0.204785
2522,0.01117,0.969236,0.200269
2538,0.012025,0.966307,0.201001
2553,0.011781,0.965086,0.201978
2569,0.010682,0.966795,0.204785
2584,0.009949,0.969603,0.203687
2600,0.011903,0.970213,0.202344
2616,0.014588,0.967405,0.200879
2631,0.011658,0.965208,0.203931
2647,0.010926,0.967405,0.202222
2662,0.011536,0.965574,0.203687
2678,0.010682,0.962278,0.198804
2694,0.012879,0.968138,0.201856
2709,0.012635,0.964353,0.203687
2725,0.010316,0.969481,0.202588
2741,0.01117,0.963499,0.201367
2756,0.013856,0.964964,0.19978
2772,0.010682,0.96826,0.200269
2788,0.011414,0.967649,0.200757
2803,0.013368,0.969358,0.200513
2819,0.011781,0.967039,0.2021
2834,0.010804,0.961179,0.202222
2850,0.011414,0.970457,0.202832
2865,0.009705,0.966673,0.201123
2882,0.010316,0.967771,0.202954
2897,0.011658,0.966917,0.203321
2913,0.010071,0.96533,0.201367
2928,0.008362,0.967039,0.19978
2944,0.008606,0.966917,0.200391
2959,0.008729,0.966062,0.200146
2975,0.012269,0.964353,0.202588
2990,0.014588,0.966673,0.2021
3006,0.011414,0.963621,0.200879
3022,0.011414,0.968504,0.197583
3038,0.012025,0.966673,0.204053
3053,0.01117,0.967405,0.200391
3069,0.011658,0.964597,0.203321
3084,0.010193,0.961912,0.203565
3100,0.009705,0.966429,0.200757
3116,0.009583,0.966184,0.198193
3131,0.012757,0.964964,0.201001
3147,0.009705,0.964109,0.198804
3162,0.009583,0.967405,0.203565
3178,0.013978,0.963987,0.202344
3194,0.009949,0.966673,0.200024
3209,0.008973,0.960935,0.202588
3225,0.010682,0.965574,0.203198
3240,0.011292,0.968016,0.20564
3257,0.010682,0.966429,0.197705
3272,0.01056,0.96887,0.2021
3287,0.011292,0.968138,0.201367
3303,0.009949,0.96533,0.204785
3319,0.01117,0.971312,0.203076
3334,0.011781,0.962278,0.202344
3350,0.013245,0.966673,0.201978
3366,0.012391,0.964109,0.200757
3381,0.01117,0.962034,0.198437
3397,0.01349,0.968748,0.19978
3412,0.011048,0.969114,0.200391
3428,0.012635,0.964475,0.206006
3444,0.01349,0.969358,0.202466
3459,0.013123,0.965696,0.201856
3475,0.010193,0.967161,0.206495
3491,0.011536,0.96472,0.199902
3506,0.010316,0.965574,0.201245
3522,0.014832,0.967161,0.199048
3537,0.010804,0.968992,0.200635
3553,0.01471,0.965208,0.195996
3569,0.010438,0.965208,0.19917
3584,0.009583,0.964964,0.200146
3600,0.009949,0.966429,0.200269
3616,0.010682,0.965574,0.200391
3631,0.009949,0.96472,0.203321
3647,0.009583,0.965208,0.201123
3662,0.013245,0.969236,0.199902
3678,0.012879,0.973631,0.200391
3694,0.016786,0.96594,0.2021
3709,0.011781,0.967405,0.201611
3725,0.011658,0.966551,0.201978
3741,0.011292,0.964353,0.203565
3756,0.010682,0.966551,0.20271
3772,0.012513,0.966673,0.203443
3787,0.01056,0.968504,0.205152
3803,0.011292,0.962766,0.204663
3819,0.012757,0.969969,0.20271
3834,0.008362,0.970579,0.202588
3850,0.009095,0.971312,0.195752
3866,0.009827,0.96826,0.200513
3881,0.010438,0.968504,0.202222
3897,0.011781,0.958982,0.202588
3912,0.012025,0.964475,0.202588
3928,0.011414,0.962156,0.202832
3944,0.011536,0.969725,0.203076
3959,0.012757,0.963865,0.200391
3976,0.013001,0.967649,0.202954
3992,0.017152,0.961057,0.200513
4006,0.013123,0.968626,0.201123
4023,0.010193,0.964109,0.201856
4037,0.011414,0.963499,0.199536
4053,0.012391,0.971312,0.201856
4069,0.012635,0.96179,0.200391
4084,0.013001,0.967894,0.200513
4100,0.011414,0.967161,0.203931
4116,0.013978,0.965696,0.200635
4131,0.009217,0.967894,0.200146
4147,0.013978,0.968016,0.200146
4162,0.013978,0.970701,0.202466
4178,0.012757,0.967894,0.203198
4194,0.011048,0.969969,0.200635
4209,0.010316,0.964964,0.200879
4225,0.010071,0.965452,0.200391
4241,0.012879,0.968382,0.198437
4256,0.012391,0.964231,0.198804
4272,0.011414,0.967283,0.200513
4287,0.011781,0.966551,0.200757
4303,0.012757,0.967649,0.198437
4319,0.010682,0.962034,0.202344
4334,0.01471,0.969481,0.19917
4350,0.009217,0.966307,0.200146
4366,0.010071,0.962644,0.200269
4381,0.014222,0.969358,0.20271
4397,0.012025,0.967283,0.202954
4413,0.012513,0.960691,0.199414
4428,0.010682,0.965452,0.203321
4444,0.009339,0.963377,0.204419
4459,0.011658,0.965696,0.201856
4475,0.015565,0.969358,0.200024
4491,0.008362,0.966184,0.20271
4507,0.012025,0.968016,0.202954
4522,0.012391,0.969969,0.202954
4537,0.010926,0.965574,0.202588
4553,0.01117,0.968382,0.200024
4569,0.014832,0.966184,0.199658
4584,0.012879,0.971068,0.203076
4600,0.013368,0.965818,0.201611
4616,0.011781,0.968138,0.199902
4631,0.008606,0.964842,0.202344
4647,0.013245,0.96301,0.19685
4662,0.009217,0.963377,0.200269
4678,0.01349,0.967894,0.200391
4694,0.012757,0.965574,0.197949
4709,0.009827,0.971312,0.198437
4725,0.009095,0.965208,0.201001
4741,0.01349,0.960081,0.200635
4757,0.009095,0.966184,0.202588
4772,0.013245,0.969114,0.20564
4787,0.016297,0.968138,0.198804
4803,0.01117,0.967283,0.19917
4819,0.014955,0.966917,0.202222
4834,0.0141,0.966917,0.206128
4850,0.017518,0.967161,0.206495
4866,0.016419,0.970579,0.204785
4882,0.014832,0.9718,0.203443
4897,0.012025,0.970823,0.200513
4912,0.010193,0.966307,0.202832
4928,0.010926,0.968992,0.201489
4944,0.013978,0.963133,0.201367
4959,0.009095,0.96887,0.200757
4975,0.013245,0.965574,0.203443
4991,0.011781,0.965574,0.201856
5007,0.009095,0.967283,0.200024
5022,0.013001,0.967405,0.203198
5038,0.010071,0.967771,0.199292
5053,0.011903,0.966795,0.200024
5069,0.011414,0.963255,0.200635
5084,0.009095,0.967039,0.198193
5100,0.011292,0.970701,0.2021
5116,0.009217,0.967771,0.201367
5131,0.014588,0.965086,0.202954
5147,0.012391,0.969847,0.200635
5162,0.00824,0.970579,0.200757
5178,0.012635,0.966184,0.201611
5194,0.015199,0.961668,0.200879
5209,0.006531,0.964842,0.200269
5225,0.011536,0.96887,0.204297
5241,0.008973,0.965574,0.198926
5258,0.012025,0.96887,0.2021
5272,0.013001,0.966184,0.195874
5287,0.008606,0.967649,0.19978
5303,0.01056,0.96533,0.19917
5319,0.011536,0.96533,0.19685
5334,0.0141,0.965696,0.200391
5350,0.01349,0.966673,0.200757
5366,0.013123,0.968748,0.201978
5381,0.010926,0.96887,0.203076
5397,0.012757,0.967039,0.19917
5412,0.011658,0.968504,0.201611
5428,0.011292,0.965208,0.199048
5444,0.011414,0.967894,0.200513
5459,0.016541,0.966551,0.20271
5475,0.01056,0.967894,0.199414
5491,0.01349,0.962888,0.201611
5506,0.009827,0.967039,0.201245
5522,0.010316,0.970335,0.203809
5537,0.011414,0.962644,0.202466
5553,0.015687,0.966184,0.203076
5569,0.010682,0.970457,0.205152
5584,0.012391,0.967405,0.200146
5600,0.015687,0.9718,0.19978
5616,0.010071,0.966673,0.200269
5631,0.015565,0.964964,0.201123
5647,0.014955,0.965818,0.200146
5662,0.012757,0.96472,0.199414
5678,0.010926,0.966673,0.197217
5694,0.010438,0.967405,0.202954
5709,0.011048,0.968504,0.200269
5725,0.007874,0.968504,0.204053
5741,0.01471,0.970579,0.201245
5756,0.011536,0.960813,0.204785
5772,0.009583,0.967894,0.199048
5787,0.014832,0.965452,0.204053
5803,0.011903,0.963133,0.203198
5819,0.011292,0.966795,0.201489
5834,0.010438,0.968992,0.202832
5850,0.015321,0.969236,0.200879
5866,0.008362,0.965452,0.204419
5882,0.010438,0.967405,0.196362
5897,0.008729,0.963255,0.202466
5912,0.009827,0.967161,0.201733
5928,0.013612,0.965696,0.201611
5944,0.013245,0.96533,0.200513
5959,0.010682,0.965086,0.201856
5975,0.01117,0.968748,0.201978
5991,0.010316,0.966917,0.202954
6006,0.011048,0.969725,0.199414
6022,0.013368,0.965818,0.198804
6038,0.011048,0.966673,0.200024
6053,0.009583,0.966062,0.203565
6069,0.009949,0.963499,0.2021
6084,0.014222,0.965452,0.204053
6101,0.011414,0.964353,0.201367
6116,0.011658,0.968626,0.202344
6131,0.011781,0.968138,0.202222
6147,0.010438,0.966062,0.201367
6163,0.009339,0.961545,0.201123
6178,0.010438,0.965818,0.201978
6194,0.01471,0.965208,0.201489
6209,0.009583,0.965818,0.200879
6225,0.010071,0.961423,0.198437
6241,0.009827,0.965208,0.202832
6256,0.01349,0.96472,0.199292
6272,0.01117,0.967405,0.202222
6287,0.010438,0.967039,0.205274
6303,0.012025,0.966551,0.202466
6319,0.013734,0.965818,0.199536
6334,0.010438,0.972777,0.204053
6350,0.012513,0.966429,0.201123
6366,0.013001,0.962278,0.199658
6381,0.007752,0.965696,0.203443
6397,0.009827,0.964475,0.200757
6412,0.014222,0.964231,0.201245
6428,0.01056,0.967283,0.201978
6444,0.011903,0.967161,0.201367
6459,0.011414,0.961668,0.198682
6475,0.014344,0.966062,0.204175
6491,0.011292,0.963987,0.201245
6506,0.009583,0.967405,0.201489
6522,0.012147,0.965696,0.200391
6537,0.013001,0.970213,0.204297
6553,0.014832,0.964231,0.203321
6569,0.011536,0.97241,0.200024
6584,0.008973,0.965452,0.203198
6600,0.012147,0.968016,0.201489
6616,0.011658,0.963499,0.201245
6632,0.011414,0.966429,0.201611
6647,0.009705,0.966307,0.201123
6662,0.009705,0.966062,0.198926
6678,0.009827,0.966917,0.203076
6694,0.012391,0.971068,0.197095
6709,0.011292,0.965574,0.203198
6725,0.013734,0.966184,0.200269
6741,0.013123,0.969603,0.204419
6756,0.013368,0.964597,0.197949
6772,0.010071,0.96533,0.201611
6788,0.009705,0.968626,0.203443
6803,0.01056,0.96826,0.203931
6819,0.012391,0.96472,0.201367
6834,0.014222,0.964842,0.200269
6850,0.010682,0.96594,0.199292
6866,0.012391,0.965452,0.199536
6882,0.013001,0.968626,0.201611
6897,0.012269,0.971922,0.204663
6912,0.008851,0.96533,0.205274
6928,0.01117,0.965696,0.202344
6944,0.010316,0.964842,0.195996
6959,0.012391,0.969114,0.203687
6975,0.014344,0.971556,0.203443
6991,0.009339,0.965574,0.205274
7006,0.01349,0.969481,0.201367
7022,0.014344,0.965086,0.199902
7038,0.011658,0.96533,0.202222
7053,0.011536,0.966429,0.201611
7069,0.013368,0.964231,0.203198
7084,0.012025,0.96533,0.202954
7100,0.008606,0.964475,0.201856
7116,0.009461,0.96472,0.202344
7131,0.012269,0.965574,0.201001
7147,0.013001,0.96594,0.202466
7162,0.014466,0.968504,0.198437
7178,0.013978,0.965086,0.200879
7195,0.010193,0.966184,0.201978
7209,0.009339,0.969847,0.201001
7225,0.010193,0.966062,0.198437
7241,0.013001,0.967405,0.201978
7256,0.009949,0.968138,0.201001
7273,0.012757,0.966917,0.200513
7287,0.012147,0.962156,0.205518
7303,0.012391,0.966795,0.204663
7319,0.011781,0.967039,0.199536
7334,0.013245,0.966429,0.199902
7350,0.014466,0.964964,0.202344
7366,0.016175,0.967527,0.201367
7381,0.013978,0.96472,0.201001
7397,0.014955,0.968016,0.201245
7412,0.01349,0.968748,0.201489
7428,0.01117,0.96887,0.200146
7444,0.010926,0.966184,0.200146
7459,0.013856,0.962034,0.198071
7476,0.012635,0.96887,0.201123
7491,0.010682,0.967771,0.201978
7506,0.013001,0.967405,0.20271
7522,0.008362,0.9624,0.201245
7537,0.007508,0.966673,0.202954
7553,0.011781,0.970823,0.202588
7569,0.013123,0.967894,0.204785
7584,0.010316,0.968382,0.203565
7600,0.012879,0.96826,0.203565
7616,0.015321,0.970579,0.200513
7631,0.009217,0.96301,0.202222
7647,0.009949,0.967405,0.201367
7662,0.013001,0.96594,0.201245
7678,0.01117,0.965452,0.200146
7694,0.009827,0.965818,0.198193
7709,0.010316,0.964597,0.19978
7726,0.011781,0.966307,0.199292
7741,0.010071,0.963865,0.200879
7756,0.014832,0.96472,0.20271
7772,0.01056,0.965696,0.204785
7787,0.011658,0.970701,0.202954
7803,0.014466,0.96826,0.200269
7819,0.011536,0.963499,0.202954
7834,0.013245,0.967527,0.19978
7850,0.010804,0.961423,0.200879
7866,0.009461,0.967527,0.200024
7882,0.012635,0.966551,0.201611
7897,0.011903,0.967039,0.201611
7912,0.011048,0.965696,0.201123
7928,0.012513,0.969236,0.203076
7944,0.011658,0.960813,0.203321
7959,0.012879,0.971312,0.201489
7976,0.010316,0.959226,0.200879
7991,0.012025,0.964475,0.204908
8006,0.011292,0.969969,0.202466
8022,0.010926,0.967894,0.198804
8038,0.008729,0.962766,0.198926
8053,0.01056,0.971312,0.202588
8069,0.010926,0.972777,0.203321
8084,0.013734,0.964109,0.198193
8100,0.012879,0.96594,0.203443
8116,0.012025,0.971922,0.203565
8131,0.011781,0.966673,0.202222
8147,0.012147,0.966184,0.202222
8162,0.0141,0.966062,0.2021
8178,0.012513,0.964842,0.203321
8194,0.011658,0.968382,0.204053
8209,0.01056,0.966429,0.197583
8226,0.012147,0.968748,0.202954
8241,0.012757,0.964231,0.201733
8257,0.011536,0.966673,0.199902
8272,0.012391,0.969603,0.200879
8287,0.011048,0.964964,0.201245
8303,0.015443,0.969114,0.202954
8319,0.010682,0.964109,0.203321
8334,0.012757,0.964964,0.201978
8350,0.010926,0.966917,0.203198
8366,0.011292,0.967283,0.200635
8381,0.01056,0.966551,0.199536
8397,0.011536,0.968626,0.201001
8412,0.012147,0.963499,0.198437
8428,0.011536,0.96594,0.199902
8444,0.013612,0.964475,0.200391
8459,0.01117,0.96887,0.201611
8475,0.012269,0.965818,0.198682
8491,0.012147,0.970335,0.202222
8508,0.011292,0.967283,0.205884
8522,0.013856,0.963621,0.199292
8537,0.015077,0.966307,0.199414
8553,0.012025,0.966551,0.197339
8569,0.009095,0.964353,0.203809
8584,0.010193,0.971068,0.199536
8600,0.010071,0.966551,0.201611
8616,0.011903,0.966551,0.205518
8631,0.011903,0.949094,0.195385
8647,0.012757,0.976317,0.20857
8663,0.01471,0.948605,0.201611
8678,0.011658,0.965574,0.197217
8694,0.013001,0.968138,0.198193
8710,0.011781,0.971434,0.198315
8725,0.010438,0.968504,0.19685
8741,0.010071,0.96301,0.196484
8757,0.010804,0.968748,0.204908
8772,0.013123,0.960081,0.200513
8788,0.011536,0.95947,0.202588
8803,0.012391,0.967161,0.201611
8819,0.01349,0.962644,0.201245
8834,0.010682,0.961057,0.200024
8850,0.007752,0.965452,0.201123
8866,0.014955,0.966917,0.203931
8882,0.009217,0.967527,0.203198
8897,0.014466,0.968016,0.203809
8912,0.010316,0.967405,0.204175
8928,0.012513,0.964231,0.200757
8944,0.010682,0.971312,0.200391
8959,0.012025,0.966795,0.202832
8975,0.011536,0.967527,0.20271
8991,0.012269,0.966062,0.199048
9006,0.016908,0.964842,0.204175
9022,0.009095,0.969481,0.199902
9038,0.012635,0.964109,0.204175
9053,0.011048,0.966673,0.201856
9069,0.011414,0.971556,0.19978
9084,0.013978,0.966429,0.200635
9100,0.009827,0.965818,0.199658
9116,0.00702,0.969481,0.200024
9131,0.011536,0.967161,0.203321
9147,0.016664,0.969725,0.200513
9163,0.015443,0.966307,0.201733
9178,0.011048,0.96594,0.200024
9194,0.012513,0.96594,0.200879
9209,0.008362,0.965452,0.202222
9225,0.011903,0.971068,0.200879
9241,0.014466,0.969114,0.200513
9256,0.012025,0.962644,0.199658
9272,0.010193,0.970213,0.201245
9289,0.012635,0.966184,0.199292
9303,0.007386,0.969358,0.201489
9319,0.011658,0.966551,0.201489
9334,0.011903,0.964964,0.200879
9350,0.012513,0.967771,0.201001
9366,0.013368,0.963621,0.200513
9381,0.013734,0.964475,0.201489
9397,0.009827,0.964597,0.204053
9413,0.009827,0.968138,0.203443
9428,0.011292,0.965696,0.200269
9444,0.013978,0.968504,0.200757
9459,0.008606,0.963743,0.2021
9475,0.011781,0.964597,0.198926
9491,0.009949,0.964353,0.206006
9508,0.011536,0.965818,0.203321
9522,0.01349,0.967527,0.202954
9537,0.011781,0.966551,0.197827
9553,0.013123,0.962156,0.202954
9569,0.012635,0.969358,0.20271
9584,0.012269,0.967771,0.200024
9600,0.014466,0.966917,0.202588
9616,0.014588,0.967405,0.200757
9631,0.011048,0.967649,0.206495
9647,0.009827,0.968504,0.198193
9662,0.014955,0.966917,0.204053
9678,0.007508,0.968138,0.20271
9694,0.009095,0.966795,0.201367
9709,0.011414,0.965086,0.206128
9725,0.012513,0.969969,0.201733
9741,0.012269,0.964353,0.201733
9756,0.013123,0.963255,0.200879
9772,0.011781,0.966917,0.203198
9787,0.01117,0.965818,0.199048
9803,0.013123,0.967649,0.199902
9819,0.013368,0.96472,0.201733
9834,0.008118,0.966551,0.203809
9850,0.012269,0.967771,0.199414
9866,0.015199,0.970213,0.200513
9882,0.012879,0.970335,0.200879
9897,0.01117,0.966062,0.204785
9912,0.009339,0.970091,0.204541
9928,0.009339,0.96472,0.200391
9944,0.012879,0.963621,0.202466
9959,0.013612,0.965208,0.19685
9975,0.012879,0.969358,0.197705
9991,0.011292,0.970091,0.19978
10006,0.010682,0.970091,0.2021
10022,0.011536,0.970091,0.202954
10038,0.013368,0.969725,0.200513
10053,0.011536,0.968382,0.203076
10069,0.011781,0.966917,0.201123
10084,0.010316,0.962522,0.200024
10100,0.013368,0.959958,0.200635
10116,0.010682,0.966184,0.202588
10131,0.011414,0.967283,0.202954
10147,0.007264,0.968016,0.201489
10162,0.010804,0.962034,0.204297
10178,0.012757,0.968138,0.202222
10194,0.012513,0.965452,0.199902
10209,0.009217,0.963621,0.201245
10225,0.008484,0.966917,0.2021
10241,0.011781,0.965208,0.201733
10256,0.013245,0.964353,0.207959
10272,0.013978,0.960447,0.198071
10288,0.009583,0.965574,0.203198
10303,0.012635,0.968382,0.204297
10319,0.009949,0.963377,0.200635
10334,0.005799,0.978148,0.210767
10351,0.011048,0.972899,0.204663
10366,0.014588,0.962522,0.198804
10381,0.008606,0.9624,0.204541
10397,0.008851,0.964842,0.199902
10412,0.010682,0.963133,0.199658
10428,0.008606,0.963987,0.201123
10445,0.010071,0.964842,0.199292
10459,0.011536,0.969969,0.204175
10475,0.011536,0.966062,0.200513
10491,0.012391,0.965818,0.201001
10508,0.011658,0.965696,0.202344
10522,0.009583,0.964231,0.199902
10537,0.013245,0.961668,0.198682
10553,0.012025,0.96472,0.201001
10569,0.009217,0.966062,0.203321
10584,0.013978,0.968382,0.202588
10600,0.011048,0.964231,0.200513
10616,0.010804,0.963499,0.203321
10631,0.010926,0.963133,0.201611
10647,0.015809,0.970579,0.200879
10663,0.013612,0.969847,0.200024
10678,0.007508,0.959104,0.19685
10694,0.013978,0.970457,0.2021
10709,0.013245,0.967161,0.198926
10725,0.012879,0.970945,0.201856
10741,0.010804,0.961545,0.202344
10756,0.010438,0.968382,0.200024
10772,0.007386,0.962156,0.199658
10787,0.010804,0.971678,0.2021
10803,0.010926,0.968504,0.200879
10819,0.009583,0.96594,0.20271
10834,0.011048,0.968626,0.200269
10850,0.007386,0.966917,0.201245
10866,0.009949,0.971312,0.201489
10882,0.011536,0.968016,0.201245
10898,0.012391,0.963499,0.200269
10913,0.012269,0.962278,0.199658
10928,0.013123,0.967894,0.201001
10944,0.010682,0.969603,0.201367
10959,0.0141,0.964353,0.200269
10975,0.013734,0.968382,0.201367
10991,0.013856,0.967039,0.203565
11006,0.011781,0.965696,0.200024
11022,0.012147,0.966184,0.200391
11038,0.013612,0.962644,0.203076
11053,0.009339,0.966184,0.202954
11069,0.013612,0.965086,0.200513
11084,0.010438,0.963499,0.199292
11100,0.011048,0.968382,0.201856
11116,0.009583,0.962034,0.202344
11131,0.012391,0.972288,0.201489
11147,0.010682,0.963865,0.203198
11163,0.010804,0.967527,0.199048
11179,0.011292,0.962156,0.201611
11194,0.010193,0.964231,0.200879
11209,0.01349,0.966673,0.202222
11225,0.01117,0.96533,0.199658
11241,0.012269,0.966673,0.202954
11256,0.009095,0.965818,0.201733
11272,0.008484,0.96594,0.201978
11287,0.009827,0.96533,0.201489
11305,0.011781,0.966429,0.205518
11319,0.012635,0.965086,0.198926
11334,0.01117,0.967649,0.198926
11350,0.008973,0.965086,0.20625
11366,0.012513,0.969481,0.201001
11381,0.009095,0.972655,0.203443
11397,0.010193,0.966184,0.199902
11413,0.010316,0.961057,0.203443
11429,0.011903,0.966062,0.201733
11444,0.009217,0.965696,0.200757
11460,0.012269,0.967771,0.203321
11475,0.009095,0.966551,0.198193
11491,0.011903,0.960691,0.200879
11508,0.013978,0.963499,0.200269
11522,0.00824,0.967161,0.202222
11538,0.009949,0.963377,0.203687
11553,0.012147,0.972288,0.199536
11569,0.008973,0.964231,0.201123
11584,0.010193,0.966917,0.202588
11600,0.011903,0.965452,0.198804
11616,0.011292,0.963865,0.197339
11631,0.014832,0.963499,0.201978
11647,0.01056,0.970091,0.199536
11663,0.010926,0.962766,0.201245
11679,0.014344,0.969236,0.198193
11694,0.010071,0.966429,0.20271
11709,0.011414,0.965696,0.204419
11725,0.011658,0.966184,0.198437
11741,0.010193,0.964231,0.201978
11756,0.010071,0.967894,0.195141
11772,0.010926,0.964475,0.204053
11788,0.012513,0.96533,0.20503
11803,0.012391,0.966062,0.202344
11819,0.012757,0.966062,0.198926
11834,0.01056,0.969603,0.204419
11850,0.014344,0.965818,0.19856
11866,0.01117,0.969969,0.198315
11882,0.009949,0.969847,0.203321
11897,0.011658,0.966917,0.203198
11912,0.013368,0.966307,0.203687
11928,0.013612,0.967405,0.200146
11944,0.009461,0.964353,0.200146
11960,0.012269,0.969236,0.198315
11975,0.015077,0.965574,0.203809
11991,0.01349,0.963865,0.2021
12006,0.010071,0.969236,0.202954
12022,0.009827,0.963865,0.201611
12038,0.011781,0.967039,0.200757
12053,0.011414,0.97241,0.201978
12069,0.012269,0.963987,0.197827
12084,0.013856,0.968748,0.203198
12100,0.012757,0.965452,0.202222
12116,0.010316,0.964964,0.20271
12131,0.013978,0.971556,0.201856
12147,0.010438,0.962278,0.20271
12163,0.013612,0.965696,0.204175
12178,0.016908,0.97119,0.199048
12194,0.010193,0.966307,0.201489
12209,0.011048,0.967771,0.199414
12225,0.010926,0.963865,0.202344
12241,0.015321,0.963133,0.202954
12256,0.011048,0.967039,0.205518
12272,0.012513,0.968626,0.203076
12288,0.011658,0.964109,0.201733
12303,0.008729,0.968138,0.19978
12319,0.008973,0.967771,0.202832
12334,0.010804,0.965818,0.201123
12350,0.012147,0.963377,0.204175
12366,0.009217,0.969358,0.203076
12381,0.008973,0.966551,0.203198
12397,0.009705,0.968138,0.200024
12413,0.011903,0.967649,0.200146
12428,0.010682,0.969114,0.201733
12444,0.012635,0.968138,0.206739
12459,0.011414,0.969236,0.199048
12476,0.006531,0.967527,0.200146
12491,0.011536,0.966917,0.200391
12508,0.007264,0.96533,0.198071
12522,0.011048,0.966307,0.201611
12537,0.010804,0.966062,0.200024
12553,0.011048,0.966429,0.200757
12569,0.010071,0.966917,0.203076
12584,0.01349,0.963499,0.204419
12600,0.013368,0.96301,0.201733
12616,0.013978,0.965818,0.196606
12631,0.010682,0.968992,0.198315
12647,0.011048,0.967039,0.200391
12663,0.013612,0.965574,0.2021
12678,0.021181,0.945675,0.200024
12694,0.015443,0.977782,0.207105
12710,0.016541,0.966795,0.200757
12725,0.01117,0.971678,0.202588
12741,0.00824,0.968992,0.204541
12756,0.009461,0.963865,0.201978
12772,0.013001,0.96533,0.197705
12788,0.012635,0.971312,0.201978
12803,0.012635,0.96301,0.200635
12819,0.00763,0.963255,0.203687
12834,0.012391,0.962766,0.201489
12850,0.010682,0.971556,0.203198
12866,0.013368,0.965818,0.201367
12882,0.008606,0.965574,0.202832
12897,0.014466,0.963255,0.203931
12913,0.012147,0.968138,0.200757
12928,0.010804,0.968626,0.201733
12944,0.012391,0.964109,0.202344
12959,0.015199,0.966307,0.201978
12975,0.010926,0.965452,0.196972
12991,0.014832,0.967161,0.199048
13007,0.009705,0.970213,0.203321
13022,0.009583,0.964842,0.20503
13038,0.010438,0.968382,0.201611
13053,0.013978,0.966673,0.202222
13069,0.009095,0.969358,0.201733
13084,0.011292,0.964842,0.203076
13100,0.015931,0.967405,0.203687
13116,0.013245,0.960569,0.201367
13131,0.012391,0.964353,0.200146
13147,0.013245,0.966307,0.2021
13163,0.009095,0.967283,0.200146
13178,0.011781,0.971068,0.200024
13194,0.012757,0.968016,0.201733
13210,0.014832,0.962278,0.201001
13225,0.012269,0.963377,0.202222
13241,0.012635,0.967649,0.201245
13256,0.01117,0.962522,0.19856
13272,0.011536,0.968626,0.199658
13287,0.011781,0.965208,0.203565
13303,0.007996,0.969847,0.200391
13320,0.011536,0.964842,0.199048
13335,0.009461,0.964353,0.201978
13350,0.010804,0.969114,0.200391
13366,0.012025,0.964231,0.198437
13381,0.011781,0.965696,0.201001
13397,0.012269,0.96533,0.199902
13413,0.013734,0.965696,0.2021
13428,0.010804,0.964964,0.201001
13444,0.010804,0.963865,0.203809
13459,0.011292,0.964597,0.203687
13475,0.009095,0.967161,0.201001
13491,0.011781,0.969358,0.202344
13508,0.010438,0.966429,0.201123
13522,0.013123,0.965574,0.201856
13538,0.008118,0.966551,0.202344
13553,0.009461,0.964964,0.200513
13569,0.010193,0.963987,0.202466
13585,0.01117,0.966184,0.200635
13600,0.013368,0.963621,0.198437
13616,0.013123,0.963743,0.200757
13631,0.014832,0.968138,0.20271
13647,0.00702,0.966795,0.200391
13663,0.011414,0.967649,0.197949
13678,0.007264,0.965452,0.19685
13694,0.010804,0.964109,0.203443
13709,0.012513,0.967527,0.204297
13725,0.007996,0.967161,0.205152
13741,0.012879,0.969847,0.200146
13756,0.012635,0.96472,0.201611
13772,0.010804,0.969603,0.199414
13788,0.012147,0.96887,0.202832
13803,0.011658,0.96301,0.206861
13819,0.012879,0.963255,0.205396
13835,0.011414,0.964964,0.199902
13850,0.010804,0.966673,0.200269
13866,0.012025,0.962888,0.203931
13882,0.010682,0.970091,0.201001
13897,0.011536,0.96301,0.201001
13913,0.014466,0.967039,0.201001
13928,0.010071,0.964109,0.200635
13944,0.012147,0.961057,0.2021
13959,0.009949,0.969236,0.200024
13975,0.01056,0.966429,0.198926
13991,0.013001,0.971434,0.201245
14006,0.013612,0.966184,0.204908
14022,0.010926,0.963499,0.201489
14038,0.01056,0.969358,0.198315
14053,0.016175,0.969481,0.196484
14069,0.012879,0.968748,0.201611
14084,0.013856,0.96533,0.202222
14100,0.009339,0.965574,0.202588
14116,0.011414,0.967771,0.201856
14131,0.011903,0.966307,0.203076
14148,0.012391,0.964109,0.204175
14163,0.011414,0.961668,0.201489
14178,0.01056,0.964353,0.203687
14194,0.013123,0.966062,0.201733
14210,0.010193,0.966551,0.200635
14225,0.007996,0.967405,0.199658
14241,0.010804,0.960935,0.203198
14256,0.011048,0.96301,0.202466
14272,0.012757,0.970945,0.19856
14288,0.012269,0.967894,0.203443
14303,0.011536,0.969358,0.202466
14319,0.008606,0.964964,0.199902
14334,0.010071,0.970823,0.203198
14350,0.012391,0.961545,0.202344
14366,0.015687,0.963743,0.2021
14381,0.008729,0.963499,0.198315
14397,0.009583,0.963743,0.20271
14413,0.011781,0.969358,0.200635
14428,0.013001,0.968626,0.204053
14444,0.010804,0.968382,0.19917
14459,0.012513,0.965574,0.201733
14475,0.011903,0.963987,0.204419
14491,0.010926,0.96472,0.201367
14509,0.008851,0.96887,0.203565
14522,0.012879,0.969603,0.197461
14537,0.011048,0.960569,0.19978
14553,0.013001,0.966307,0.201123
14569,0.011048,0.966673,0.199658
14584,0.010926,0.962156,0.202222
14601,0.013123,0.966917,0.201733
14616,0.013978,0.964842,0.205762
14632,0.013245,0.966429,0.202222
14647,0.013978,0.964353,0.200635
14663,0.010071,0.969725,0.204908
14678,0.011536,0.969481,0.202344
14694,0.013978,0.962034,0.199658
14709,0.011903,0.962034,0.202222
14725,0.007142,0.964842,0.20271
14741,0.012147,0.966062,0.200635
14756,0.012391,0.965086,0.202954
14772,0.01117,0.967771,0.200146
14788,0.013001,0.962644,0.199658
14803,0.01056,0.966062,0.200879
14819,0.01349,0.970213,0.202466
14834,0.007508,0.96826,0.197949
14850,0.013978,0.964842,0.198437
14866,0.011658,0.964597,0.199902
14882,0.011903,0.966795,0.204541
14897,0.011414,0.965696,0.201611
14913,0.007996,0.966551,0.202466
14928,0.011292,0.97412,0.204297
14944,0.009705,0.965452,0.200269
14960,0.010682,0.962156,0.201489
14975,0.012147,0.966307,0.203809
14991,0.010316,0.966307,0.202588
15006,0.012147,0.970579,0.200146
15022,0.014344,0.964109,0.20271
15038,0.009339,0.971922,0.206739
15053,0.012879,0.963743,0.203565
15069,0.013612,0.965452,0.200879
15085,0.01117,0.964475,0.193798
15100,0.01349,0.957029,0.189037
15116,0.009583,0.958494,0.217481
15132,0.014955,0.966184,0.20918
15147,0.01117,0.960935,0.200635
15163,0.01056,0.966917,0.203321
15178,0.014466,0.962644,0.200879
15194,0.005799,0.968626,0.202954
15210,0.013001,0.963865,0.202588
15225,0.011292,0.965452,0.201123
15241,0.011536,0.9624,0.203198
15256,0.011536,0.965208,0.194531
15272,-0.016419,0.978758,0.198682
15287,-0.045962,1.186291,0.146921
15303,0.05817,1.33608,0.191601
15319,0.096136,1.435574,0.205518
15336,0.102851,1.58341,0.211866
15350,0.076238,1.80315,0.218824
15366,0.055362,1.816944,0.1833
15382,0.025819,1.737838,0.138619
15397,-0.002503,1.469389,0.069035
15413,-0.016297,1.259904,0.051822
15428,-0.028017,1.159312,0.135812
15444,0.053653,1.265031,-0.038882
15459,0.043032,1.311543,-0.165721
15475,-0.048892,0.986083,-0.139596
15491,-0.033632,0.689068,-0.172679
15509,-0.019471,0.506195,-0.346029
15522,-0.087713,0.258744,-0.549899
15538,0.123115,0.156809,-0.744491
15553,0.117622,0.20271,-0.677593
15569,0.134469,0.20918,-0.637063
15584,0.170237,0.063542,-0.753647
15600,0.166453,0.085882,-0.916743
15616,0.104437,0.138863,-0.943112
15632,-0.041323,0.188183,-0.675884
15647,-0.062809,0.047183,-0.666972
15663,-0.018373,-0.145944,-0.596777
15678,0.048404,-0.36959,-0.500824
15694,0.152292,-0.521333,-0.602393
15710,0.033754,-0.531099,-0.653787
15725,0.03876,-0.644998,-0.681743
15741,0.018006,-0.662455,-0.656839
15756,-0.0423,-0.74498,-0.590673
15772,-0.002014,-0.970457,-0.302081
15788,0.006531,-1.22328,-0.336874
15803,0.018617,-1.292742,-0.498627
15819,0.002747,-1.197644,-0.534762
15834,0.031435,-0.98181,-0.381432
15850,0.040103,-0.920405,-0.24263
15866,-0.013245,-0.876457,-0.134224
15882,-0.009095,-0.881463,-0.203809
15897,-0.039248,-1.171275,0.00177
15913,-0.107489,-1.196545,0.067814
15928,-0.073674,-0.922603,0.070378
15944,-0.058536,-1.065067,0.107734
15959,-0.062809,-1.070561,0.106025
15991,-0.104071,-1.047122,0.103583
16006,-0.178172,-0.88952,0.054142
16022,-0.195752,-0.96472,0.060123
16038,-0.139352,-1.16273,-0.011781
16053,-0.138131,-1.164927,-0.023378
16069,-0.174266,-1.157724,0.023378
16084,-0.135201,-1.199597,-0.028627
16100,-0.127999,-1.148447,-0.062931
16116,-0.174022,-1.090948,-0.058536
16131,-0.180614,-1.072636,-0.027162
16147,-0.177684,-1.03699,0.013612
16163,-0.130684,-1.038332,0.055851
16178,-0.083074,-1.05408,0.037905
16194,-0.090154,-1.035525,0.049747
16210,-0.130806,-1.034426,0.11518
16225,-0.1363,-1.009522,0.158152
16241,-0.068425,-1.003174,0.151438
16256,-0.075017,-0.955442,0.201733
16272,-0.096136,-0.948849,0.217115
16288,-0.072087,-0.934322,0.195996
16303,-0.056949,-0.917598,0.232619
16319,-0.11457,-0.938473,0.314533
16335,-0.135689,-0.970335,0.345297
16350,-0.142526,-0.98413,0.373741
16366,-0.139596,-0.997314,0.377159
16382,-0.13923,-1.01001,0.386559
16397,-0.139108,-1.016236,0.390954
16413,-0.128121,-1.026491,0.398645
16428,-0.09284,-1.074834,0.41952
16444,-0.121773,-1.044314,0.41598
16459,-0.150949,-0.985961,0.406946
16475,-0.193798,-0.904779,0.38131
16500,-0.2115,-0.890496,0.38778
16516,-0.204908,-0.874992,0.402185
16533,-0.117012,-0.945065,0.440395
16565,-0.137154,-0.95007,0.440884
16583,-0.175609,-0.895257,0.379723
16600,-0.202222,-0.873161,0.403772
16616,-0.198071,-0.874626,0.390832
16633,-0.183544,-0.876091,0.378868
16648,-0.157663,-0.869865,0.396936
16666,-0.14338,-0.878044,0.398401
16682,-0.133492,-0.89306,0.395959
16699,-0.142892,-0.903925,0.413416
16720,-0.134957,-0.926509,0.404016
16737,-0.098822,-0.943234,0.402796
16752,-0.08576,-0.941525,0.38839
16768,-0.102484,-0.948972,0.377159
16782,-0.119087,-0.951169,0.37545
16798,-0.148996,-0.937984,0.367393
16818,-0.184765,-0.9342,0.360068
16832,-0.183666,-0.968016,0.3807
16851,-0.157786,-0.975707,0.374352
16868,-0.132515,-0.944821,0.384362
16886,-0.133858,-0.93713,0.383263
16901,-0.114082,-0.942623,0.399255
16916,-0.138009,-0.941891,0.380211
16932,-0.156076,-0.951535,0.392053
16950,-0.150827,-0.963987,0.384972
16965,-0.133126,-0.986205,0.374352
16981,-0.14631,-0.974974,0.343954
16993,-0.142404,-0.970335,0.334676
17016,-0.147165,-0.951657,0.332723
17027,-0.147775,-0.950192,0.331136
17049,-0.149606,-0.947507,0.329427
17065,-0.149362,-0.948239,0.314777
17080,-0.151682,-0.948239,0.33724
17096,-0.140695,-0.961301,0.348471
17112,-0.139474,-0.953,0.368125
17127,-0.130684,-0.948483,0.362144
17143,-0.128365,-0.949338,0.354575
17160,-0.125801,-0.947629,0.353232
17174,-0.13923,-0.938473,0.340414
17190,-0.145578,-0.936397,0.342001
17205,-0.142282,-0.951535,0.3431
17221,-0.148874,-0.948849,0.335531
17237,-0.155344,-0.946286,0.338949
17252,-0.167308,-0.9436,0.344931
17268,-0.164134,-0.948239,0.348227
17284,-0.159617,-0.956052,0.334554
17299,-0.148874,-0.964964,0.330648
17315,-0.156321,-0.953733,0.32845
17331,-0.155832,-0.953244,0.329427
17348,-0.143136,-0.957517,0.338216
17360,-0.1363,-0.953244,0.337728
17385,-0.140695,-0.959714,0.342611
17401,-0.154856,-0.952756,0.336751
17416,-0.164256,-0.960569,0.337728
17435,-0.166697,-0.973387,0.339559
17456,-0.157053,-0.981566,0.340658
17469,-0.137521,-0.992675,0.326619
17485,-0.138253,-0.978514,0.315632
17500,-0.164866,-0.961057,0.314777
17517,-0.173534,-0.961423,0.333455
17532,-0.148752,-0.964475,0.341146
17549,-0.144723,-0.960691,0.338827
17566,-0.13398,-0.956052,0.336263
17582,-0.154611,-0.932979,0.314289
17597,-0.175975,-0.935299,0.312336
17616,-0.165599,-0.952878,0.306476
17632,-0.14863,-0.970335,0.305377
17647,-0.145089,-0.969603,0.30611
17663,-0.143258,-0.970579,0.305622
17679,-0.143869,-0.972777,0.305011
17695,-0.1457,-0.97412,0.305011
17711,-0.153635,-0.975218,0.316975
17726,-0.157297,-0.97473,0.311115
17742,-0.15925,-0.973021,0.300128
17757,-0.162058,-0.97412,0.299029
17773,-0.165232,-0.975584,0.302448
17789,-0.165721,-0.975707,0.30672
17804,-0.163889,-0.979735,0.312824
17820,-0.158518,-0.977416,0.317097
17835,-0.151804,-0.976805,0.319539
17852,-0.168284,-0.972777,0.303058
17868,-0.152658,-0.957395,0.289996
17886,-0.164866,-0.953977,0.300617
17905,-0.163645,-0.966917,0.305988
17918,-0.162669,-0.972288,0.302814
17933,-0.15217,-0.968992,0.307819
17949,-0.143136,-0.963377,0.299518
17966,-0.150217,-0.951169,0.289629
17983,-0.161936,-0.947262,0.292681
17999,-0.154245,-0.961546,0.293658
18016,-0.143014,-0.975218,0.298419
18033,-0.138741,-0.986083,0.28731
18051,-0.145334,-0.983397,0.286822
18066,-0.160227,-0.970091,0.285723
18083,-0.16096,-0.969359,0.279863
18099,-0.16865,-0.969725,0.28084
18115,-0.166087,-0.973265,0.289752
18151,-0.16511,-0.97534,0.293292
18168,-0.173656,-0.961423,0.289141
18184,-0.17805,-0.982421,0.300617
18200,-0.151193,-0.991699,0.305744
18216,-0.156931,-0.997803,0.306842
18234,-0.176952,-0.989745,0.307087
18249,-0.18037,-0.989013,0.298785
18266,-0.167918,-0.987548,0.290728
18284,-0.16218,-0.986571,0.275835
18300,-0.163157,-0.982299,0.275102
18317,-0.162547,-0.982421,0.271806
18334,-0.160349,-0.981322,0.268998
18350,-0.16157,-0.976317,0.263139
18366,-0.166209,-0.973143,0.269975
18384,-0.173778,-0.973143,0.275102
18400,-0.167552,-0.989135,0.27791
18416,-0.161326,-0.990722,0.2773
18431,-0.156443,-0.983397,0.283892
18447,-0.175121,-0.972899,0.277422
18462,-0.167918,-0.969236,0.274126
18485,-0.147043,-0.970579,0.293048
18503,-0.156931,-0.974852,0.290972
18517,-0.15925,-0.969114,0.282549
18533,-0.163767,-0.964353,0.285357
18550,-0.168284,-0.966307,0.281572
18568,-0.163523,-0.977294,0.27791
18584,-0.147775,-0.986083,0.276567
18600,-0.154611,-0.981322,0.272172
18617,-0.167552,-0.980712,0.282061
18634,-0.165354,-0.973997,0.272905
18651,-0.155466,-0.973509,0.272905
18667,-0.150461,-0.973143,0.279497
18683,-0.152414,-0.968382,0.278276
18700,-0.150583,-0.977049,0.279497
18715,-0.154611,-0.97412,0.27083
18733,-0.159861,-0.973753,0.272172
18751,-0.163157,-0.974486,0.270463
18767,-0.164134,-0.980834,0.267167
18783,-0.166209,-0.983031,0.27205
18798,-0.165232,-0.982055,0.274614
18814,-0.158884,-0.987548,0.276689
18829,-0.157786,-0.984374,0.2773
18852,-0.150827,-0.980345,0.277056
18868,-0.167674,-0.973753,0.281939
18886,-0.157297,-0.973509,0.276323
18902,-0.152292,-0.979735,0.272294
18918,-0.149484,-0.98059,0.26851
18933,-0.150339,-0.984374,0.271318
18950,-0.150095,-0.985595,0.276079
18967,-0.15217,-0.986694,0.27791
18984,-0.158274,-0.982421,0.273515
19002,-0.154123,-0.98413,0.277056
19017,-0.14863,-0.978026,0.268754
19036,-0.155222,-0.974852,0.261307
19051,-0.169627,-0.973509,0.259476
19067,-0.159617,-0.978758,0.273027
19085,-0.144845,-0.98181,0.272905
19101,-0.164011,-0.980345,0.277056
19118,-0.160349,-0.978881,0.275713
19134,-0.160715,-0.979247,0.278643
19151,-0.161936,-0.983764,0.276079
19167,-0.15864,-0.97473,0.264848
19185,-0.164134,-0.975707,0.252762
19201,-0.16865,-0.976439,0.255204
19216,-0.173778,-0.984618,0.260209
19232,-0.169505,-0.990112,0.268388
19248,-0.162913,-0.991699,0.265092
19264,-0.148263,-0.979979,0.254105
19279,-0.154611,-0.978636,0.248855
19295,-0.152902,-0.982177,0.251053
19310,-0.140817,-0.990722,0.250931
19326,-0.138253,-0.989379,0.251785
19342,-0.137276,-0.989868,0.244094
19359,-0.140695,-0.999268,0.252396
19373,-0.13398,-1.000122,0.246048
19388,-0.137399,-1.004761,0.238357
19404,-0.138863,-1.002686,0.230544
19420,-0.160105,-1,0.23445
19436,-0.16743,-1.005127,0.241531
19451,-0.176708,-0.999145,0.241409
19467,-0.180004,-0.996338,0.252884
19485,-0.176219,-0.996582,0.261185
19502,-0.185009,-0.987304,0.271928
19516,-0.185741,-0.986449,0.279863
19531,-0.190991,-0.985595,0.290728
19547,-0.195996,-0.986083,0.30025
19563,-0.18684,-0.993286,0.300983
19578,-0.183788,-0.992797,0.297687
19594,-0.180004,-0.994506,0.294757
19610,-0.168773,-0.99707,0.288531
19625,-0.161204,-0.994262,0.280229
19641,-0.155344,-0.996582,0.275346
19657,-0.150827,-0.999145,0.267533
19672,-0.147165,-0.993652,0.260697
19688,-0.093939,-0.981444,0.227248
19703,-0.109565,-0.966795,0.233107
19719,-0.122017,-0.952512,0.267533
19735,-0.113593,-0.948117,0.295733
19750,-0.119697,-0.953488,0.292926
19766,-0.122993,-0.94714,0.298297
19781,-0.14338,-0.941769,0.288531
19798,-0.157541,-0.956418,0.316853
19818,-0.143014,-0.96472,0.325642
19834,-0.135567,-0.976805,0.310261
19849,-0.142037,-0.978026,0.315266
19865,-0.143258,-0.985717,0.317097
19881,-0.124825,-0.990234,0.293414
19896,-0.131783,-0.98413,0.277178
19912,-0.140817,-0.98413,0.270219
19927,-0.141915,-0.980956,0.272294
19943,-0.138863,-0.995605,0.26204
19959,-0.146554,-0.987792,0.261796
19974,-0.144601,-1.004273,0.261307
19990,-0.133614,-1.004273,0.247635
20006,-0.132027,-1,0.241531
20022,-0.128121,-0.994384,0.231154
20037,-0.147165,-0.965086,0.238601
20053,-0.154001,-0.963743,0.242019
20068,-0.138497,-0.966551,0.275835
20084,-0.111274,-0.962888,0.280229
20099,-0.107734,-0.954587,0.290972
20115,-0.114814,-0.936397,0.293048
20131,-0.126045,-0.929805,0.316242
20146,-0.127876,-0.944577,0.311359
20162,-0.131905,-0.945065,0.339193
20177,-0.137276,-0.964964,0.335409
20193,-0.13984,-0.969359,0.341635
20209,-0.137154,-0.977171,0.343832
20224,-0.138009,-0.980956,0.34139
20241,-0.136544,-0.981566,0.340292
20256,-0.137032,-0.985351,0.337484
20271,-0.124947,-1.002319,0.342001
20287,-0.133248,-0.992309,0.339193
20303,-0.129463,-0.99939,0.305988
20318,-0.128365,-0.995849,0.307453
20334,-0.122627,-0.99292,0.297076
20349,-0.13276,-0.989135,0.307087
20365,-0.127144,-0.989013,0.308674
20380,-0.093695,-1.008423,0.299029
20396,-0.090154,-1.004273,0.273149
20412,-0.090765,-1.000244,0.271562
20427,-0.114936,-0.986205,0.269731
20443,-0.110663,-0.982055,0.270952
20459,-0.105048,-0.991821,0.258255
20476,-0.116035,-0.986938,0.255814
20490,-0.126045,-1.004029,0.260575
20507,-0.12397,-1.014283,0.275957
20521,-0.100531,-1.019166,0.276933
20537,-0.110419,-1.007203,0.282061
20553,-0.108954,-0.9906,0.274858
20568,-0.097235,-0.988281,0.282549
20584,-0.10456,-0.963621,0.299762
20599,-0.092352,-0.976683,0.294024
20615,-0.095892,-0.966917,0.312824
20631,-0.087469,-0.973143,0.298175
20646,-0.091131,-0.968748,0.301959
20662,-0.094671,-0.952512,0.301593
20678,-0.097479,-0.954587,0.29732
20693,-0.087102,-0.950925,0.310627
20709,-0.085271,-0.954465,0.312702
20724,-0.07636,-0.958249,0.326131
20740,-0.073308,-0.955442,0.3337
20756,-0.075993,-0.944088,0.337972
20771,-0.068669,-0.946164,0.326863
20787,-0.078191,-0.946042,0.323201
20803,-0.106147,-0.957517,0.309162
20818,-0.106391,-0.964842,0.306965
20834,-0.117622,-0.982543,0.285845
20849,-0.129708,-1.008545,0.278032
20865,-0.134469,-1.010743,0.276445
20881,-0.13691,-1.013429,0.275591
20896,-0.16157,-1.006226,0.288531
20912,-0.162547,-1.015992,0.293536
20928,-0.140695,-1.019166,0.300372
20943,-0.123482,-1.010499,0.300983
20959,-0.131905,-0.99121,0.302204
20974,-0.129463,-0.983642,0.304889
20990,-0.105658,-0.989868,0.313068
21006,-0.106025,-0.99292,0.305744
21021,-0.118599,-0.979613,0.3149
21037,-0.118843,-0.973631,0.301959
21054,-0.118965,-0.956296,0.303913
21068,-0.116035,-0.954221,0.306965
21084,-0.1081,-0.955564,0.307941
21099,-0.104193,-0.960081,0.30965
21115,-0.085638,-0.970823,0.301959
21131,-0.079412,-0.976195,0.295978
21146,-0.086614,-0.970335,0.294391
21162,-0.090643,-0.969969,0.289629
21177,-0.094549,-0.971068,0.288287
21193,-0.091131,-0.97241,0.284746
21209,-0.095892,-0.972777,0.28084
21224,-0.084173,-0.972899,0.286822
21240,-0.08283,-0.975707,0.279375
21255,-0.087713,-0.979491,0.286089
21271,-0.091253,-0.977294,0.279619
21287,-0.099799,-0.974608,0.268754
21302,-0.103339,-0.98413,0.275713
21318,-0.10224,-0.983764,0.285723
21334,-0.105902,-0.984008,0.27852
21349,-0.09638,-0.98474,0.276811
21366,-0.084661,-0.990356,0.280962
21381,-0.088567,-0.988769,0.28377
21396,-0.098089,-0.988647,0.279497
21412,-0.096258,-0.99121,0.28377
21427,-0.101874,-1.000488,0.274248
21443,-0.114814,-1.006714,0.263871
21459,-0.132393,-1.000244,0.261063
21474,-0.143136,-1.015016,0.256791
21490,-0.142648,-1.013551,0.257157
21508,-0.141549,-1.013551,0.257523
21521,-0.139962,-1.015016,0.256546
21537,-0.140328,-1.014405,0.255448
21553,-0.14338,-1.005249,0.270952
21568,-0.143869,-1.009278,0.26851
21584,-0.131905,-1.001953,0.257767
21599,-0.13923,-0.992675,0.242996
21615,-0.151193,-0.987548,0.246902
21630,-0.126167,-0.971068,0.266191
21646,-0.114814,-0.988036,0.276567
21662,-0.103461,-0.998535,0.27437
21678,-0.122139,-0.998901,0.273149
21693,-0.137276,-1.004517,0.263505
21709,-0.15278,-1.00647,0.257279
21724,-0.154367,-1.010987,0.249832
21740,-0.157053,-1.012696,0.248123
21756,-0.150217,-1.021119,0.252518
21771,-0.143869,-1.021974,0.256058
21788,-0.140206,-0.997681,0.268266
21803,-0.134347,-0.981688,0.267778
21818,-0.130196,-0.985839,0.267778
21834,-0.126045,-0.984618,0.275468
21849,-0.118476,-0.985473,0.280352
21865,-0.120308,-0.986449,0.27791
21881,-0.116035,-0.983642,0.282061
21896,-0.11396,-0.977049,0.27791
21912,-0.120552,-0.969603,0.26143
21928,-0.133858,-0.96594,0.264726
21943,-0.147287,-0.973753,0.258744
21959,-0.134957,-0.981078,0.273881
21974,-0.117988,-0.994995,0.28438
21990,-0.116401,-0.975218,0.280962
22006,-0.117378,-0.975951,0.276811
22021,-0.124336,-0.969725,0.274126
22037,-0.126411,-0.969847,0.271928
22052,-0.131295,-0.980712,0.276445
22068,-0.130318,-0.98999,0.280352
22084,-0.130562,-0.989501,0.273149
22099,-0.13276,-0.984252,0.267778
22115,-0.132027,-0.985595,0.274248
22135,-0.129219,-0.982909,0.28084
22146,-0.128121,-0.985717,0.282793
22162,-0.122871,-0.985473,0.286089
22177,-0.112495,-0.993042,0.283159
22193,-0.122261,-0.985351,0.274126
22209,-0.126656,-0.981444,0.273027
22224,-0.130074,-0.979369,0.260941
22240,-0.139962,-0.98181,0.26912
22256,-0.121284,-0.981933,0.282549
22271,-0.120918,-0.982055,0.281694
22287,-0.130928,-0.978636,0.286089
22303,-0.120063,-0.980834,0.285723
22318,-0.114936,-0.977049,0.277056
22334,-0.11457,-0.97412,0.263505
22349,-0.119941,-0.971556,0.264481
22365,-0.127266,-0.980468,0.276811
22381,-0.118232,-0.99353,0.27437
22396,-0.124214,-0.999023,0.263017
22412,-0.141061,-0.994995,0.266313
22428,-0.143624,-0.993164,0.265214
22443,-0.135201,-0.993408,0.268876
22459,-0.134347,-0.988891,0.269365
22473,-0.12983,-0.988281,0.268144
22489,-0.1269,-0.982543,0.271684
22505,-0.127144,-0.983397,0.27498
22521,-0.127876,-0.980345,0.27498
22538,-0.127876,-0.979247,0.279131
22554,-0.126045,-0.976561,0.279253
22571,-0.120186,-0.98474,0.281694
22587,-0.126411,-0.986938,0.285723
22604,-0.138863,-0.981444,0.273515
22620,-0.135689,-0.983886,0.278154
22637,-0.124458,-0.98706,0.289752
22654,-0.125069,-0.982421,0.290118
22671,-0.125801,-0.984252,0.288409
22687,-0.132638,-0.973875,0.28438
22704,-0.130318,-0.977538,0.287188
22719,-0.132882,-0.983397,0.285357
22739,-0.135689,-0.985107,0.288165
22754,-0.128853,-0.986449,0.283404
22770,-0.127388,-0.986205,0.283037
22785,-0.124336,-0.98474,0.283404
22801,-0.122871,-0.986327,0.283526
22816,-0.118721,-0.982299,0.284502
22832,-0.119941,-0.982177,0.277544
22848,-0.125801,-0.979369,0.278276
22863,-0.126778,-0.97827,0.273271
22879,-0.127266,-0.97766,0.274004
22894,-0.128121,-0.980956,0.283526
22910,-0.124458,-0.980101,0.283281
22926,-0.139474,-0.9812,0.283892
22941,-0.138986,-0.986449,0.285601
22957,-0.13276,-0.984252,0.28377
22973,-0.138863,-0.982665,0.289874
22988,-0.138497,-0.973631,0.29732
23004,-0.133614,-0.977904,0.286089
23035,-0.123237,-0.971312,0.288165
23051,-0.126656,-0.968138,0.290118
23067,-0.125191,-0.968992,0.294024
23089,-0.130074,-0.961668,0.287798
23103,-0.131661,-0.966184,0.28377
23119,-0.127388,-0.9812,0.285113
23134,-0.123726,-0.997436,0.268144
23150,-0.144479,-0.991332,0.289874
23160,-0.127754,-0.998291,0.273271
23189,-0.127876,-0.989379,0.27437
23205,-0.144723,-0.986205,0.285357
23221,-0.137643,-0.979613,0.293658
23239,-0.125801,-0.990112,0.293292
23254,-0.126534,-0.993408,0.294513
23271,-0.135445,-0.981566,0.283159
23289,-0.148019,-0.979613,0.284991
23305,-0.138863,-0.97412,0.289629
23322,-0.121651,-0.976683,0.288042
23338,-0.125435,-0.97473,0.280718
23355,-0.135567,-0.973997,0.291094
23371,-0.13398,-0.97412,0.288897
23389,-0.130806,-0.977171,0.283526
23406,-0.137643,-0.976805,0.280718
23423,-0.139352,-0.976561,0.277422
23438,-0.142404,-0.974486,0.285601
23456,-0.138131,-0.970945,0.285479
23473,-0.134347,-0.977049,0.286211
23488,-0.132393,-0.979247,0.289507
23505,-0.127388,-0.978392,0.293658
23519,-0.121651,-0.977416,0.28731
23534,-0.128243,-0.969114,0.284991
23550,-0.129708,-0.984252,0.291461
23566,-0.130196,-0.983764,0.290606
23581,-0.134102,-0.985229,0.296832
23597,-0.14277,-0.973997,0.299396
23612,-0.143502,-0.971434,0.289752
23638,-0.138741,-0.97412,0.288531
23656,-0.136788,-0.983153,0.289996
23673,-0.13984,-0.982421,0.292559
23689,-0.140206,-0.983031,0.293292
23706,-0.135323,-0.983519,0.289752
23721,-0.130318,-0.969969,0.284502
23739,-0.138741,-0.973387,0.288165
23756,-0.141671,-0.975096,0.286089
23773,-0.131661,-0.989868,0.292681
23788,-0.14045,-0.985229,0.292437
23806,-0.148019,-0.984618,0.292559
23822,-0.150827,-0.973387,0.295123
23838,-0.147043,-0.979857,0.295489
23855,-0.14045,-0.974974,0.289019
23872,-0.133858,-0.968016,0.298541
23888,-0.12983,-0.970945,0.290972
23905,-0.138619,-0.958127,0.289385
23921,-0.140084,-0.961668,0.286822
23940,-0.138497,-0.967405,0.285601
23955,-0.132149,-0.970823,0.292926
23971,-0.132515,-0.966307,0.294757
23986,-0.135689,-0.97119,0.285235
24002,-0.147287,-0.963865,0.288165
24018,-0.143869,-0.977538,0.294757
24033,-0.136544,-0.983886,0.289752
24049,-0.137887,-0.984496,0.287188
24065,-0.139962,-0.985961,0.287798
24080,-0.140573,-0.985961,0.290118
24096,-0.141061,-0.985351,0.28792
24112,-0.146432,-0.986571,0.285601
24127,-0.152902,-0.983397,0.287188
24143,-0.153879,-0.985595,0.288653
24158,-0.143502,-0.986083,0.297442
24174,-0.138741,-0.98059,0.292071
24189,-0.146921,-0.977171,0.294391
24205,-0.142892,-0.979003,0.286822
24221,-0.150583,-0.978636,0.287676
24239,-0.154367,-0.982543,0.279863
24254,-0.145944,-0.97412,0.283404
24270,-0.140817,-0.975707,0.269975
24286,-0.153391,-0.968138,0.283404
24301,-0.145212,-0.972655,0.292926
24317,-0.117622,-0.968016,0.287432
24332,-0.123604,-0.979979,0.292926
24348,-0.151193,-0.967283,0.289874
24363,-0.142404,-0.970579,0.285479
24379,-0.137887,-0.979247,0.291583
24395,-0.134224,-0.974364,0.289019
24410,-0.131173,-0.972899,0.286089
24426,-0.13691,-0.97827,0.298541
24442,-0.134591,-0.979613,0.302814
24457,-0.127632,-0.976683,0.300739
24473,-0.139108,-0.978392,0.294391
24489,-0.142892,-0.972533,0.29732
24504,-0.150583,-0.965086,0.292315
24520,-0.148508,-0.960813,0.289874
24535,-0.143624,-0.971922,0.30257
24551,-0.137887,-0.973021,0.315998
24568,-0.13044,-0.982909,0.324178
24582,-0.127388,-0.979003,0.318684
24598,-0.128121,-0.973997,0.302692
24614,-0.12983,-0.976195,0.310139
24629,-0.119697,-0.983031,0.312458
24645,-0.117012,-0.981078,0.309284
24660,-0.12336,-0.966551,0.309528
24676,-0.125801,-0.971312,0.302204
24692,-0.129341,-0.962644,0.297687
24707,-0.127632,-0.966062,0.296954
24723,-0.132638,-0.966429,0.294024
24739,-0.133126,-0.951779,0.300861
24754,-0.126411,-0.956052,0.306842
24770,-0.111152,-0.970335,0.30672
24785,-0.127266,-0.95886,0.285357
24801,-0.137032,-0.9624,0.28731
24817,-0.166087,-0.970335,0.295489
24832,-0.153269,-0.973997,0.295855
24848,-0.166087,-0.958005,0.297931
24864,-0.176463,-0.942135,0.347739
24879,-0.149484,-0.972655,0.320149
24895,-0.153391,-0.966184,0.336019
24911,-0.155344,-0.963865,0.329671
24926,-0.154856,-0.980956,0.312214
24942,-0.146554,-0.987426,0.306965
24957,-0.148508,-0.990722,0.300861
24973,-0.153269,-0.981078,0.290362
24989,-0.176463,-0.965574,0.282183
25004,-0.190136,-0.969114,0.276689
25020,-0.183422,-0.975218,0.291461
25035,-0.180492,-0.976561,0.290972
25051,-0.16804,-0.983642,0.302814
25067,-0.166697,-0.981444,0.303058
25082,-0.152048,-0.975707,0.312336
25098,-0.146066,-0.969359,0.314167
25114,-0.142526,-0.963865,0.309894
25129,-0.138253,-0.966307,0.309162
25145,-0.131905,-0.966917,0.309528
25160,-0.136666,-0.959836,0.304767
25176,-0.143258,-0.960325,0.295489
25192,-0.145822,-0.96179,0.300739
25207,-0.131295,-0.970945,0.304767
25224,-0.136422,-0.962278,0.318684
25239,-0.143014,-0.96472,0.30672
25254,-0.164011,-0.977904,0.301593
25270,-0.151071,-1.0282,0.307209
25286,-0.182323,-1.035769,0.325154
25301,-0.172191,-1.005127,0.352744
25317,-0.146554,-0.977294,0.327352
25332,-0.147043,-0.97412,0.310993
25348,-0.145944,-0.971922,0.298541
25364,-0.145578,-0.970091,0.295123
25381,-0.130928,-0.937862,0.318562
25395,-0.11396,-0.934566,0.306598
25410,-0.098334,-0.919429,0.313557
25426,-0.096014,-0.936886,0.309772
25442,-0.096502,-0.941036,0.30904
25457,-0.111518,-0.940792,0.293902
25473,-0.133492,-0.978392,0.304035
25488,-0.116645,-0.970701,0.314777
25505,-0.122383,-0.966673,0.34017
25520,-0.129219,-0.972166,0.344809
25535,-0.132882,-0.973997,0.347983
25551,-0.140817,-0.966795,0.326497
25568,-0.157297,-0.965208,0.33077
25582,-0.180126,-0.972166,0.345663
25598,-0.181102,-0.988036,0.34078
25613,-0.164256,-0.97241,0.331014
25629,-0.134347,-0.96179,0.343344
25645,-0.155588,-0.935787,0.335531
25660,-0.163401,-0.895746,0.333089
25676,-0.133248,-0.9248,0.346274
25692,-0.140084,-0.982909,0.331868
25707,-0.158274,-0.964109,0.335653
25723,-0.162547,-0.943478,0.330403
25739,-0.171092,-0.980223,0.304767
25754,-0.147287,-0.997314,0.311726
25770,-0.1269,-0.959592,0.340536
25785,-0.139962,-0.950192,0.344442
25801,-0.16218,-0.951291,0.350302
25817,-0.160349,-0.950192,0.365074
25832,-0.147165,-0.948483,0.349081
25848,-0.14216,-0.956418,0.349081
25864,-0.137521,-0.962766,0.339437
25880,-0.135689,-0.952756,0.348349
25895,-0.133004,-0.950314,0.350668
25910,-0.117012,-0.954221,0.348349
25926,-0.114814,-0.946042,0.339071
25942,-0.126778,-0.941036,0.321126
25958,-0.112495,-0.945797,0.365928
25973,-0.112983,-0.955442,0.364829
25989,-0.115791,-0.958005,0.364707
26004,-0.130196,-0.973021,0.358481
26020,-0.148508,-1.004761,0.344931
26035,-0.139596,-0.997314,0.335042
26051,-0.140206,-0.977416,0.320515
26067,-0.150339,-0.976805,0.331746
26093,-0.128365,-0.950558,0.354575
26109,-0.121284,-0.937252,0.356528
26125,-0.13276,-0.939327,0.386193
26140,-0.115669,-0.93127,0.428554
26156,-0.126289,-0.941036,0.413294
26171,-0.136544,-0.944699,0.409266
26187,-0.142526,-0.94299,0.399011
26203,-0.130806,-0.930049,0.417323
26218,-0.111518,-0.919307,0.432582
26234,-0.106025,-0.911982,0.431484
26250,-0.085638,-0.910639,0.41891
26265,-0.08991,-0.91894,0.399133
26281,-0.089666,-0.915034,0.404627
26297,-0.122993,-0.920772,0.426479
26312,-0.117866,-0.932125,0.40658
26328,-0.086614,-0.943234,0.421474
26343,-0.066715,-0.904169,0.455167
26359,-0.078191,-0.915888,0.46652
26375,-0.071965,-0.909174,0.464811
26390,-0.037295,-0.882927,0.458463
26406,-0.037417,-0.846792,0.486907
26421,-0.07697,-0.879021,0.497406
26437,-0.051944,-0.815907,0.355063
26453,-0.080877,-0.864982,0.477996
26469,-0.041812,-0.850943,0.519136
26484,-0.054996,-0.869987,0.637795
26501,-0.033632,-0.860465,0.675395
26515,-0.025087,-0.857413,0.587499
26531,-0.037661,-0.89013,0.473601
26546,-0.006165,-0.886956,0.48825
26562,-0.004334,-0.878288,0.513642
26578,-0.003113,-0.852286,0.527803
26594,0.003845,-0.821278,0.517549
26609,0.006165,-0.807239,0.520356
26625,0.004944,-0.799182,0.51938
26640,0.005432,-0.789782,0.517915
26656,0.0047,-0.78612,0.51645
26672,-0.015199,-0.762315,0.558201
26687,-0.018739,-0.754135,0.595434
26703,-0.020448,-0.773302,0.615699
26718,0.006653,-0.814076,0.623146
26734,0.027406,-0.83959,0.640481
26750,0.021425,-0.83727,0.666484
26765,-0.000671,-0.874626,0.646707
26781,-0.04169,-0.829457,0.696637
26797,-0.034609,-0.826039,0.681743
26812,-0.028749,-0.808948,0.629372
26828,-0.03583,-0.749496,0.561985
26843,-0.024232,-0.749985,0.551608
26859,-0.026552,-0.724959,0.571995
26875,-0.042178,-0.695782,0.597388
26890,-0.05231,-0.68858,0.614967
26906,-0.07111,-0.681621,0.644754
26922,-0.061588,-0.70799,0.647439
26937,-0.037539,-0.756943,0.638406
26953,-0.012757,-0.748276,0.671367
26968,-0.041079,-0.721418,0.70445
26984,-0.068669,-0.703229,0.72325
27001,-0.021791,-0.743026,0.677715
27015,-0.0141,-0.757065,0.671245
27031,-0.01117,-0.747055,0.696393
27047,-0.029604,-0.744003,0.708356
27063,-0.051578,-0.73973,0.74266
27078,-0.076604,-0.735702,0.762925
27093,-0.059147,-0.741683,0.701642
27109,-0.002747,-0.735702,0.647439
27125,0.013734,-0.733504,0.66453
27146,-0.018983,-0.729354,0.728133
27156,-0.044131,-0.711896,0.731551
27171,-0.02936,-0.748764,0.697613
27187,-0.008362,-0.778673,0.712019
27203,-0.012879,-0.772691,0.744735
27218,-0.028261,-0.733993,0.749008
27234,-0.02411,-0.708478,0.732161
27250,-0.020326,-0.696759,0.708234
27265,-0.016908,-0.694561,0.701886
27281,-0.005432,-0.696637,0.698224
27297,0.010316,-0.706037,0.710187
27312,0.001282,-0.703107,0.732772
27328,-0.003845,-0.686871,0.743759
27343,-0.00763,-0.681011,0.750839
27359,-0.009583,-0.652811,0.745834
27375,-0.003968,-0.679912,0.738754
27392,-0.021181,-0.640969,0.743881
27406,0.00824,-0.589941,0.771837
27422,-0.006775,-0.602271,0.797351
27437,-0.018006,-0.621071,0.795031
27453,-0.021181,-0.623756,0.792468
27468,-0.016908,-0.659891,0.764512
27484,0.000793,-0.687725,0.71739
27501,-0.006897,-0.696026,0.713972
27515,-0.005432,-0.680523,0.738143
27531,-0.001892,-0.665141,0.781481
27546,-0.028139,-0.657328,0.832387
27562,0.010804,-0.671855,0.734847
27578,0.019838,-0.670512,0.706159
27593,0.023012,-0.661845,0.702252
27609,0.032167,-0.638039,0.721907
27625,0.033999,-0.595434,0.785753
27640,0.007996,-0.617286,0.819569
27656,-0.001038,-0.6522,0.799304
27671,0.00409,-0.667826,0.756455
27687,0.009217,-0.671122,0.718855
27703,-0.002258,-0.665751,0.759629
27719,-0.010438,-0.667338,0.793322
27734,-0.020326,-0.6616,0.805896
27750,-0.022157,-0.678325,0.805896
27765,-0.014955,-0.675884,0.779283
27781,0.007142,-0.671489,0.7556
27797,0.013001,-0.655252,0.753525
27812,0.012391,-0.638528,0.775743
27828,-0.0047,-0.640237,0.792468
27845,-0.004578,-0.640725,0.792102
27860,-0.017518,-0.667216,0.780993
27876,-0.010682,-0.696271,0.755356
27890,-0.011658,-0.698224,0.752426
27906,-0.011414,-0.697857,0.749619
27922,-0.008729,-0.699811,0.746933
27937,-0.006409,-0.700909,0.745224
27953,-0.007508,-0.702741,0.728743
27969,-0.004212,-0.703717,0.721541
27984,0.000671,-0.685161,0.718245
28000,-0.001282,-0.637673,0.747787
28015,-0.012513,-0.612525,0.762192
28031,-0.003235,-0.593603,0.759507
28047,-0.010071,-0.662089,0.744613
28062,-0.019471,-0.698834,0.727767
28078,-0.014955,-0.717146,0.701642
28093,-0.025575,-0.730574,0.689068
28110,-0.034121,-0.715315,0.69505
28125,-0.054141,-0.687847,0.708722
28140,-0.0799,-0.651956,0.715437
28156,-0.085027,-0.63572,0.709821
28172,-0.081731,-0.625587,0.699933
28187,-0.050113,-0.616676,0.682842
28203,-0.001038,-0.605933,0.686626
28219,0.009583,-0.598242,0.707746
28234,-0.002869,-0.590063,0.748764
28250,-0.009827,-0.586767,0.766221
28265,-0.006287,-0.598608,0.788805
28281,0.026674,-0.615577,0.811756
28297,0.034487,-0.629006,0.806873
28312,0.050479,-0.64451,0.796741
28328,0.056217,-0.661112,0.792102
28343,0.050479,-0.710432,0.774767
28360,0.04291,-0.740951,0.789172
28375,0.027773,-0.74498,0.824086
28390,0.029726,-0.704694,0.837637
28406,0.208692,-0.630349,0.849356
28422,0.095282,-0.491546,0.984618
28437,0.097113,-0.89599,0.790759
28453,0.061344,-0.934078,0.732528
28468,0.043277,-0.862907,0.599097
28484,-0.000427,-0.794543,0.623146
28500,-0.062809,-0.827016,0.643533
28515,-0.071477,-0.677593,0.622047
28531,-0.083684,-0.54465,0.607154
28546,-0.08344,-0.53525,0.609595
28562,-0.080877,-0.483977,0.644387
28578,-0.084417,-0.368492,0.823354
28593,-0.098089,-0.240676,1.062626
28610,-0.024721,-0.426601,0.799304
28625,-0.025697,-0.562351,0.702863
28640,-0.029116,-0.613502,0.684307
28656,-0.018861,-1.095221,0.594702
28672,-0.115547,-1.217054,0.598486
28687,-0.105292,-1.017823,0.674541
28703,0.100653,-0.316853,0.808338
28718,0.158396,-0.700909,0.803211
28735,0.098944,-0.699078,0.823598
28750,0.094549,-0.695538,0.846792
28765,0.017884,-0.631325,0.793811
28781,-0.075017,-0.57224,0.858878
28797,-0.130806,-0.734359,0.754135
28812,-0.004456,-0.738509,0.761582
28828,0.060612,-0.751083,0.749863
28843,0.062199,-0.747787,0.705426
28859,0.04877,-0.712263,0.693341
28875,0.059879,-0.698102,0.699322
28890,0.134713,-0.66453,0.704816
28906,0.149728,-0.654032,0.694561
28922,0.096747,-0.624,0.694684
28937,0.083562,-0.617042,0.699445
28953,0.096136,-0.616798,0.720076
28968,0.092352,-0.624123,0.731795
28984,0.057193,-0.614478,0.730208
29011,0.071477,-0.627419,0.728621
29027,0.068791,-0.639626,0.746811
29044,0.06049,-0.651834,0.750473
29061,0.035708,-0.663432,0.766465
29077,0.009827,-0.664408,0.786974
29094,0.013123,-0.658671,0.789904
29110,0.035219,-0.651102,0.762803
29125,0.030825,-0.656473,0.756577
29141,0.02643,-0.661234,0.753769
29156,0.021669,-0.668803,0.761704
29172,0.018495,-0.670512,0.765122
29188,0.015199,-0.676982,0.766709
29204,0.010682,-0.68626,0.769151
29220,0.008362,-0.706281,0.783922
29235,0.017518,-0.711164,0.766099
29250,0.027162,-0.700665,0.751206
29266,0.041445,-0.696393,0.741806
29281,0.028993,-0.696393,0.73265
29297,0.018983,-0.688458,0.746811
29313,0.043154,-0.674907,0.753159
29328,0.012513,-0.693463,0.753525
29344,0.004822,-0.704084,0.758042
29360,0.005799,-0.707868,0.761826
29375,0.018373,-0.70152,0.756211
29391,0.028871,-0.693341,0.734481
29406,0.028505,-0.691387,0.72093
29422,0.028383,-0.69212,0.719465
29438,0.021058,-0.688213,0.718367
29453,0.019349,-0.691509,0.723982
29470,0.008606,-0.685406,0.73265
29485,0.019349,-0.664164,0.745346
29501,0.020814,-0.655008,0.729354
29516,0.025575,-0.659647,0.723616
29531,0.019716,-0.658304,0.725203
29547,0.013245,-0.679546,0.756821
29563,0.015321,-0.6898,0.738021
29578,0.021913,-0.690655,0.732039
29594,0.023256,-0.698834,0.735458
29609,0.016297,-0.69859,0.735946
29625,0.022768,-0.704206,0.735824
29641,0.020692,-0.70738,0.727767
29656,0.015077,-0.707502,0.729109
29672,0.011536,-0.710676,0.72447
29688,0.004334,-0.710065,0.730941
29703,0.008729,-0.701032,0.733626
29721,0.014955,-0.701276,0.720808
29735,0.01471,-0.697491,0.711652
29751,0.015321,-0.696515,0.713117
29766,0.016786,-0.696637,0.727278
29781,0.021058,-0.697857,0.729598
29797,0.012391,-0.703473,0.735213
29813,0.008484,-0.706525,0.738021
29828,0.007752,-0.702252,0.738754
29844,0.006531,-0.70152,0.741195
29860,0.014832,-0.703229,0.727889
29876,0.01117,-0.705915,0.72386
29891,0.018861,-0.702741,0.724837
29906,0.018129,-0.707746,0.724348
29923,0.002136,-0.708722,0.720564
29938,0.001404,-0.717634,0.719099
29953,0.012879,-0.702741,0.72618
29969,0.013612,-0.698224,0.722883
29985,0.013245,-0.694195,0.718
30000,0.013001,-0.698102,0.716658
30016,0.011292,-0.688458,0.721541
30032,0.020936,-0.693829,0.73265
30047,0.023012,-0.696271,0.731429
30078,0.022523,-0.697369,0.730819
30095,0.02289,-0.704084,0.712141
30110,0.020692,-0.700421,0.716535
30125,0.01471,-0.70445,0.712751
30138,0.016908,-0.706037,0.718245
30160,0.023744,-0.707746,0.723128
30177,0.013978,-0.703961,0.724226
30192,0.01703,-0.706037,0.720198
30211,0.023256,-0.705793,0.716169
30227,0.027284,-0.700543,0.722273
30242,0.025575,-0.700787,0.713728
30258,0.015077,-0.706037,0.718489
30274,0.013734,-0.712507,0.726668
30289,0.01349,-0.709699,0.731551
30305,0.017152,-0.704694,0.72972
30322,0.01703,-0.703473,0.72032
30336,0.013368,-0.70567,0.718977
30352,0.012513,-0.702008,0.724348
30367,0.015199,-0.696393,0.733016
30396,0.021181,-0.693219,0.733382
30411,0.0141,-0.696759,0.719709
30428,0.010193,-0.701154,0.724959
30444,0.012635,-0.702252,0.72093
30461,0.014222,-0.700177,0.721541
30478,0.015931,-0.701886,0.726058
30494,0.012391,-0.702008,0.724104
30511,0.015931,-0.704572,0.72032
30528,0.015077,-0.69798,0.717878
30544,0.020936,-0.697735,0.718122
30561,0.0141,-0.708845,0.717512
30577,0.016908,-0.711286,0.737655
30593,0.020814,-0.700909,0.727522
30608,0.006165,-0.698224,0.737899
30624,0.005677,-0.702497,0.742416
30639,0.004578,-0.706281,0.751938
30655,0.006043,-0.706769,0.748154
30670,0.001282,-0.710065,0.733626
30686,0.005921,-0.707258,0.731063
30702,0.009339,-0.7086,0.734237
30718,0.008729,-0.704328,0.730208
30733,0.013612,-0.684551,0.717878
30749,0.023988,-0.671611,0.705426
30765,0.026918,-0.668071,0.70567
30780,0.031191,-0.672343,0.72093
30795,0.036929,-0.675395,0.721296
30812,0.044009,-0.672343,0.708112
30827,0.046206,-0.67686,0.702741
30843,0.0517,-0.684917,0.71678
30858,0.044009,-0.699445,0.736556
30874,0.039126,-0.706769,0.738021
30889,0.038393,-0.706891,0.735335
30905,0.038638,-0.708234,0.729476
30921,0.03351,-0.710065,0.729476
30936,0.032534,-0.704328,0.732039
30952,0.025697,-0.708722,0.740219
30967,0.028871,-0.710554,0.741928
30983,0.031679,-0.705793,0.733382
30999,0.031191,-0.6992,0.725081
31015,0.027284,-0.707624,0.718367
31030,0.028139,-0.700543,0.724226
31046,0.034121,-0.690655,0.732039
31062,0.030581,-0.683208,0.733871
31077,0.021791,-0.682842,0.729231
31093,0.023012,-0.681011,0.724226
31108,0.022768,-0.67918,0.724348
31124,0.022523,-0.680523,0.722151
31139,0.01764,-0.689922,0.725081
31155,0.016908,-0.694439,0.738998
31171,0.011658,-0.692608,0.745468
31186,0.017884,-0.690655,0.737044
31202,0.022401,-0.697369,0.737167
31217,0.018861,-0.70213,0.73973
31233,0.026674,-0.698468,0.730819
31249,0.043277,-0.695172,0.710432
31265,0.048648,-0.699322,0.70567
31282,0.047427,-0.702985,0.712385
31296,0.044375,-0.709577,0.714704
31311,0.034121,-0.723006,0.722151
31327,0.028749,-0.719709,0.716658
31342,0.009339,-0.723494,0.708234
31358,0.014344,-0.719465,0.720198
31374,0.027162,-0.727156,0.742782
31389,0.020814,-0.740707,0.751572
31406,0.01996,-0.739852,0.750229
31421,-0.00177,-0.755478,0.740829
31437,-0.030947,-0.75499,0.717024
31452,-0.032656,-0.75853,0.712873
31467,-0.03937,-0.746689,0.707135
31483,-0.037417,-0.737167,0.697125
31499,-0.030336,-0.725569,0.699933
31514,-0.011292,-0.703351,0.70445
31530,-0.010193,-0.699811,0.715315
31546,-0.012879,-0.696026,0.725325
31561,-0.036196,-0.719221,0.708845
31577,-0.039004,-0.709455,0.691387
31592,-0.022767,-0.697125,0.696393
31608,0.016664,-0.669902,0.709821
31624,0.046084,-0.637307,0.721785
31639,0.07758,-0.636452,0.741928
31655,0.097845,-0.636208,0.735824
31671,0.09223,-0.648782,0.711164
31686,0.071599,-0.648294,0.721418
31702,0.07758,-0.65745,0.759019
31718,0.07697,-0.660013,0.774278
31733,0.076238,-0.659403,0.7744
31749,0.0705,-0.661845,0.775255
31764,0.066471,-0.665751,0.775865
31781,0.066593,-0.674785,0.772569
31797,0.074773,-0.683452,0.769151
31811,0.073796,-0.684795,0.765122
31827,0.075383,-0.689434,0.763413
31842,0.074406,-0.709455,0.758164
31858,0.079167,-0.711774,0.737289
31874,0.060245,-0.714216,0.710798
31889,0.020326,-0.712141,0.69798
31905,0.044864,-0.664164,0.706525
31921,0.080022,-0.660013,0.718611
31936,0.080754,-0.665873,0.726058
31952,0.091375,-0.680034,0.713972
31968,0.090032,-0.67918,0.713728
31983,0.096869,-0.686138,0.709577
31999,0.08698,-0.696637,0.720442
32014,0.090765,-0.70738,0.727156
32030,0.092962,-0.711652,0.728987
32046,0.094671,-0.709577,0.717878
