13,0.049014,0.131539,-1.019899
29,0.049869,0.127144,-1.01941
45,0.051456,0.128731,-1.021486
60,0.049258,0.132882,-1.02234
76,0.048892,0.131417,-1.020143
92,0.045962,0.127999,-1.020875
107,0.045596,0.125557,-1.020265
123,0.048038,0.125435,-1.027345
138,0.051456,0.134591,-1.025392
154,0.049747,0.13337,-1.027223
170,0.049747,0.131783,-1.023439
185,0.040713,0.117866,-1.011964
201,0.044864,0.107612,-1.006714
217,0.052554,0.095404,-1.007813
233,0.050479,0.105414,-1.015748
248,0.046451,0.104071,-1.008301
263,0.038393,0.102973,-1.016236
279,0.032167,0.086004,-1.021242
295,0.031557,0.083684,-1.039553
310,0.02997,0.092352,-1.031618
326,0.028627,0.099188,-1.031862
342,0.033022,0.105048,-1.031984
357,0.039858,0.095892,-1.020753
373,0.048404,0.10163,-1.010865
389,0.058536,0.110297,-0.999023
404,0.065373,0.113227,-0.993896
420,0.06464,0.110297,-0.99707
435,0.052921,0.091864,-1.002808
451,0.044253,0.087469,-1.015138
467,0.044253,0.086126,-1.015382
482,0.044253,0.083684,-1.015626
498,0.043521,0.078801,-1.017579
513,0.041201,0.077703,-1.02466
529,0.043032,0.08283,-1.034548
545,0.030703,0.100775,-1.028322
560,0.021669,0.091741,-1.020753
576,0.024232,0.095648,-1.02234
592,0.030092,0.097479,-1.02588
607,0.048282,0.084295,-1.017701
623,0.048282,0.09577,-1.01648
640,0.039858,0.110297,-1.022462
654,0.047061,0.096869,-1.018922
670,0.047549,0.100897,-1.013551
685,0.055606,0.104193,-1.012574
701,0.056705,0.122993,-1.015138
717,0.055606,0.118843,-1.023561
732,0.045718,0.112373,-1.023317
748,0.047671,0.098334,-1.028688
764,0.040835,0.087225,-1.03113
779,0.04291,0.096747,-1.020997
795,0.042788,0.094549,-1.017335
810,0.046573,0.104193,-1.014527
826,0.052432,0.091741,-1.01587
841,0.05231,0.089422,-1.013184
857,0.056095,0.09638,-1.013062
873,0.053897,0.104315,-1.013551
888,0.038393,0.097845,-1.008057
904,0.045596,0.072941,-1.017457
920,0.048526,0.049991,-1.0188
935,0.06171,0.065739,-1.020997
951,0.073796,0.081243,-1.019044
966,0.068547,0.090643,-1.010621
983,0.053653,0.102851,-1.005127
998,0.05231,0.096136,-1.003906
1013,0.054874,0.078557,-1.009644
1029,0.062321,0.086126,-1.010987
1045,0.066593,0.085271,-1.011475
1060,0.064518,0.088812,-1.011109
1076,0.065373,0.085393,-1.022829
1092,0.053531,0.084539,-1.022829
1107,0.048038,0.109687,-1.026491
1123,0.049869,0.112983,-1.025758
1138,0.050845,0.11396,-1.024293
1154,0.049991,0.106391,-1.021486
1170,0.049869,0.100287,-1.016847
1185,0.060245,0.094427,-1.019166
1201,0.065739,0.087591,-1.018067
1216,0.064884,0.089422,-1.013673
1232,0.063542,0.087225,-1.012818
1248,0.052066,0.080876,-1.018922
1263,0.053775,0.088689,-1.024293
1279,0.054874,0.096014,-1.022951
1295,0.054142,0.092596,-1.020021
1310,0.05109,0.088201,-1.015504
1326,0.052921,0.07929,-1.017335
1341,0.051578,0.07758,-1.021242
1357,0.060367,0.088323,-1.019777
1373,0.053165,0.072331,-1.025514
1389,0.053409,0.061466,-1.026735
1404,0.052066,0.070012,-1.025636
1420,0.047671,0.086614,-1.005616
1435,0.052677,0.095526,-1.020509
1451,0.051334,0.078801,-1.026003
1466,0.060245,0.067326,-1.024049
1482,0.057926,0.087591,-1.012574
1498,0.0611,0.098334,-1.00586
1513,0.061344,0.106757,-1.009766
1529,0.059025,0.09931,-1.012818
1545,0.056827,0.085515,-1.022096
1561,0.049625,0.0705,-1.024171
1576,0.040835,0.064884,-1.019899
1593,0.044009,0.068425,-1.023195
1607,0.053287,0.075017,-1.020509
1623,0.056217,0.075505,-1.028444
1640,0.047916,0.067692,-1.018556
1654,0.038149,0.07929,-1.017945
1670,0.043032,0.086736,-1.019288
1685,0.052432,0.08283,-1.026003
1701,0.052921,0.07697,-1.025026
1716,0.056949,0.085271,-1.013795
1732,0.054019,0.079656,-1.011597
1748,0.055118,0.080754,-1.014161
1763,0.056461,0.079778,-1.014405
1779,0.057682,0.078679,-1.013917
1795,0.055484,0.074162,-1.011842
1810,0.058658,0.078557,-1.012574
1826,0.057438,0.083928,-1.01648
1842,0.056705,0.075993,-1.013795
1857,0.049747,0.071599,-1.019044
1873,0.043765,0.075139,-1.018922
1888,0.055851,0.082341,-1.021974
1904,0.049625,0.078435,-1.020753
1920,0.043643,0.077825,-1.016358
1935,0.038638,0.067326,-1.017701
1951,0.050601,0.063542,-1.020509
1966,0.056583,0.06171,-1.023927
1982,0.061466,0.067082,-1.020265
1998,0.057071,0.07758,-1.019044
2013,0.051456,0.081609,-1.017091
2029,0.044619,0.076115,-1.01819
2045,0.048892,0.0705,-1.021852
2060,0.05524,0.068791,-1.020387
2076,0.057804,0.070256,-1.011842
2092,0.060734,0.065617,-1.010499
2107,0.058536,0.075139,-1.012574
2123,0.053409,0.079778,-1.01587
2138,0.046329,0.081975,-1.023561
2154,0.0423,0.073796,-1.028078
2170,0.042422,0.059757,-1.031496
2185,0.042666,0.062931,-1.030397
2201,0.0423,0.064884,-1.026247
2217,0.047793,0.057926,-1.02527
2232,0.051212,0.056949,-1.022829
2248,0.051578,0.067936,-1.012208
2263,0.051822,0.070622,-1.007569
2279,0.053653,0.073674,-1.010132
2295,0.056095,0.071721,-1.014649
2310,0.056339,0.066715,-1.020143
2326,0.059025,0.069279,-1.016236
2342,0.057804,0.075261,-1.015626
2358,0.060734,0.07343,-1.010743
2373,0.060367,0.090887,-1.006104
2389,0.054752,0.084295,-1.005494
2404,0.056095,0.083196,-1.007325
2420,0.056095,0.088323,-1.01294
2435,0.062077,0.079534,-1.016114
2451,0.062931,0.07636,-1.024171
2467,0.053287,0.078313,-1.024538
2482,0.04584,0.069401,-1.017335
2498,0.046817,0.057438,-1.015138
2518,0.043399,0.056705,-1.021608
2529,0.035708,0.060856,-1.025392
2545,0.035952,0.0611,-1.027101
2560,0.034609,0.069157,-1.029665
2576,0.035586,0.065006,-1.033083
2592,0.040957,0.071843,-1.030764
2607,0.047305,0.066471,-1.032473
2623,0.05109,0.074406,-1.030275
2640,0.051822,0.075017,-1.024293
2654,0.049747,0.076482,-1.020143
2670,0.049136,0.088323,-1.021486
2685,0.052554,0.071232,-1.026491
2701,0.046451,0.061588,-1.018678
2717,0.043887,0.067082,-1.013917
2732,0.044619,0.063297,-1.013917
2748,0.054264,0.062199,-1.009278
2763,0.058048,0.060123,-1.00586
2780,0.055729,0.05756,-1.013917
2795,0.05463,0.062443,-1.010865
2810,0.052432,0.062443,-1.014649
2826,0.053653,0.073674,-1.021364
2842,0.054142,0.076482,-1.031618
2857,0.049258,0.05878,-1.025514
2873,0.042544,0.0611,-1.024904
2889,0.046206,0.059391,-1.019044
2904,0.047549,0.071232,-1.018067
2920,0.048648,0.065128,-1.022462
2935,0.049014,0.062443,-1.018434
2951,0.04523,0.061588,-1.017579
2967,0.057682,0.062809,-1.018434
2982,0.052921,0.06403,-1.0188
2998,0.049991,0.067448,-1.0188
3014,0.046817,0.061466,-1.024171
3030,0.046451,0.058658,-1.026247
3045,0.046329,0.061466,-1.024538
3061,0.046573,0.063664,-1.023073
3076,0.045718,0.056217,-1.023805
3092,0.044253,0.05817,-1.010987
3107,0.047793,0.065006,-1.01587
3123,0.04877,0.065006,-1.010621
3138,0.054264,0.072941,-1.015382
3154,0.055362,0.069401,-1.014894
3170,0.053409,0.071232,-1.01941
3185,0.049502,0.061344,-1.018922
3201,0.050357,0.05231,-1.024415
3216,0.03229,0.055729,-1.016236
3232,0.034365,0.055362,-1.017335
3248,0.036929,0.061466,-1.019655
3263,0.047549,0.081975,-1.018678
3279,0.052432,0.076726,-1.020387
3295,0.053775,0.072697,-1.027956
3310,0.052677,0.074651,-1.027101
3326,0.048526,0.075871,-1.022584
3342,0.051456,0.072819,-1.016725
3357,0.050967,0.071355,-1.015382
3373,0.050845,0.06171,-1.022707
3389,0.050723,0.050601,-1.018434
3404,0.048404,0.051456,-1.014894
3420,0.053409,0.060856,-1.009156
3435,0.053653,0.073796,-1.008301
3452,0.058903,0.075017,-1.012208
3467,0.051944,0.066715,-1.018067
3482,0.044131,0.055118,-1.02588
3498,0.044131,0.060123,-1.030275
3513,0.046451,0.076482,-1.026857
3529,0.044009,0.081731,-1.028688
3545,0.044619,0.064762,-1.026003
3560,0.03937,0.057315,-1.020875
3576,0.044619,0.050235,-1.01233
3592,0.052066,0.055484,-1.01001
3607,0.050235,0.051212,-1.01233
3623,0.044497,0.047305,-1.017579
3640,0.037417,0.054264,-1.016969
3654,0.046451,0.066715,-1.017701
3670,0.047305,0.06696,-1.017701
3685,0.046695,0.067936,-1.01648
3701,0.0517,0.068547,-1.019655
3716,0.050723,0.06171,-1.026735
3732,0.050601,0.062321,-1.022096
3748,0.048404,0.063053,-1.013673
3763,0.036806,0.061466,-1.007325
3779,0.04523,0.067204,-1.006592
3795,0.047183,0.049625,-1.004639
3810,0.07111,0.04816,-1.009278
3826,0.060734,0.03644,-1.007325
3842,0.060612,0.038638,-1.031374
3857,0.045474,0.053043,-1.043704
3873,0.028871,0.074773,-1.044192
3888,0.018495,0.074284,-1.048587
3904,-0.001282,0.087469,-1.047854
3920,-0.017762,0.084783,-1.043948
3935,-0.002625,0.084539,-1.044803
3952,0.020448,0.107367,-1.048343
3967,0.035097,0.120796,-1.043582
3982,0.084539,0.096136,-1.042727
3998,0.101264,0.106635,-1.04407
4013,0.093084,0.118232,-1.029177
4029,0.065739,0.125191,-1.026979
4045,0.036806,0.100897,-1.024171
4061,0.00763,0.079045,-1.022218
4076,0.005188,0.062565,-1.026247
4092,0.004944,0.04169,-1.03406
4107,0.015077,0.042422,-1.021119
4123,0.02643,0.043643,-1.002808
4138,0.044131,0.024721,-0.996826
4154,0.0611,0.009095,-0.980956
4170,0.075627,0.024843,-0.968626
4185,0.084661,0.030336,-0.969847
4201,0.091009,0.030581,-0.976317
4217,0.080876,0.03876,-0.980101
4232,0.069401,0.053531,-0.99121
4248,0.058292,0.052554,-1.00061
4264,0.049502,0.047793,-1.002442
4279,0.042666,0.048648,-1.015016
4295,0.042788,0.052066,-1.022218
4310,0.044864,0.050235,-1.020509
4326,0.046084,0.049869,-1.020265
4342,0.043643,0.051212,-1.020631
4357,0.047549,0.050723,-1.030764
4373,0.041079,0.044497,-1.030397
4389,0.034731,0.041323,-1.032717
4404,0.032167,0.043643,-1.031496
4420,0.047183,0.053287,-1.032228
4435,0.047549,0.075627,-1.028322
4451,0.049869,0.065739,-1.0188
4466,0.04816,0.063297,-1.016969
4482,0.049014,0.078069,-1.017823
4498,0.042788,0.07343,-1.016969
4513,0.046329,0.073552,-1.022951
4529,0.050723,0.078069,-1.017457
4545,0.061954,0.091131,-1.027223
4560,0.059025,0.08344,-1.022829
4576,0.048526,0.078801,-1.023927
4592,0.05231,0.053043,-1.028444
4607,0.053287,0.050723,-1.017823
4623,0.052554,0.069767,-1.002564
4640,0.058292,0.073186,-1.008667
4654,0.059757,0.057193,-1.020997
4670,0.052432,0.045718,-1.025636
4685,0.050113,0.046206,-1.024904
4701,0.043399,0.065983,-1.013062
4717,0.047061,0.066471,-1.006104
4732,0.054996,0.064274,-1.016847
4748,0.051944,0.053775,-1.010743
4763,0.056949,0.056217,-1.007691
4779,0.052677,0.059391,-1.010987
4795,0.035219,0.065983,-1.027956
4810,0.026552,0.071721,-1.037966
4826,0.032778,0.079167,-1.045657
4842,0.04291,0.078313,-1.046634
4857,0.053043,0.083806,-1.038332
4873,0.048282,0.079167,-1.033938
4888,0.038638,0.076238,-1.027712
4904,0.025087,0.067326,-1.023439
4920,0.013978,0.046695,-1.036745
4935,0.026796,0.053165,-1.052249
4951,0.032656,0.064152,-1.057254
4967,0.035464,0.06464,-1.055912
4982,0.021058,0.044619,-1.052127
4998,0.002869,0.030336,-1.03699
5014,0.012635,0.03229,-1.033938
5029,0.028627,0.052921,-1.028078
5045,0.04938,0.070988,-1.019777
5060,0.067936,0.085515,-1.002197
5076,0.063297,0.078069,-0.987792
5092,0.062199,0.075505,-0.986449
5107,0.062565,0.048404,-0.998535
5123,0.061832,0.040225,-1.009034
5138,0.060245,0.047427,-1.019044
5155,0.064274,0.056217,-1.0188
5170,0.060245,0.059635,-1.015504
5185,0.054264,0.0799,-1.015382
5201,0.050601,0.062199,-1.010865
5217,0.048404,0.053653,-0.999756
5232,0.067082,0.041934,-1.021608
5248,0.071232,0.068058,-1.014039
5263,0.05817,0.059513,-1.024415
5279,0.04938,0.0423,-1.017701
5295,0.042544,0.043399,-1.011475
5310,0.047671,0.049747,-1.015748
5326,0.050479,0.072453,-1.022951
5342,0.040591,0.057438,-1.017335
5357,0.047305,0.053287,-1.024293
5373,0.053165,0.046817,-1.031984
5389,0.048038,0.036684,-1.035036
5404,0.035586,0.049747,-1.022951
5420,0.033266,0.039492,-1.023439
5435,0.032778,0.02704,-1.028932
5451,0.031191,0.021913,-1.027345
5467,0.022401,0.038393,-1.023073
5482,0.027162,0.044864,-1.02466
5498,0.029604,0.062077,-1.027467
5513,0.037173,0.078191,-1.032595
5529,0.049625,0.060978,-1.042117
5545,0.041567,0.039492,-1.033327
5560,0.045352,0.053531,-1.01941
5576,0.076238,0.070866,-1.020753
5592,0.078435,0.074406,-1.019044
5609,0.080754,0.078923,-1.017213
5623,0.080754,0.078435,-1.01819
5641,0.075871,0.071843,-1.011719
5654,0.06757,0.067814,-1.003906
5670,0.06757,0.064884,-0.996704
5685,0.064884,0.053653,-0.993652
5701,0.072941,0.060734,-1.004883
5717,0.069401,0.069035,-1.013795
5732,0.055851,0.05756,-1.028566
5748,0.065861,0.05878,-1.033449
5763,0.020814,0.0141,-1.037478
5779,0.009095,0.015077,-1.029299
5795,0.022768,0.019716,-1.033205
5810,0.026674,0.013001,-1.033205
5826,0.032534,0.021425,-1.013062
5842,0.033877,0.002625,-1.005494
5857,0.044375,-0.001038,-1.00061
5873,0.047183,0.00238,-0.999023
5888,0.059635,0.011414,-1.005249
5904,0.055973,0.006409,-1.0094
5920,0.049991,0.009827,-1.01526
5935,0.039614,0.009827,-1.011231
5951,0.035464,0.011536,-1.012208
5967,0.033754,0.020326,-1.017579
5982,0.035219,0.03351,-1.01526
5998,0.03937,0.026064,-1.024293
6014,0.037783,0.019471,-1.031252
6029,0.034365,0.023866,-1.035036
6045,0.035464,0.036929,-1.031618
6060,0.029848,0.028383,-1.038088
6076,0.034365,0.014222,-1.030642
6092,0.036196,0.029116,-1.027956
6107,0.040225,0.033999,-1.026003
6123,0.039126,0.043643,-1.0188
6138,0.038882,0.020936,-1.019899
6154,0.04584,0.015077,-1.019166
6170,0.055118,0.038027,-1.017701
6185,0.06049,0.047916,-1.019166
6201,0.057926,0.051578,-1.019044
6217,0.053531,0.052066,-1.012086
6232,0.051212,0.048648,-1.011353
6248,0.053287,0.048404,-1.011109
6264,0.06171,0.048038,-1.013673
6279,0.06049,0.046329,-1.01233
6295,0.062931,0.043643,-1.014283
6310,0.058658,0.051334,-1.014771
6326,0.061466,0.047793,-1.022951
6342,0.055851,0.040835,-1.019899
6357,0.048526,0.028993,-1.022218
6373,0.046451,0.023988,-1.023317
6389,0.037783,0.045718,-1.030519
6404,0.040835,0.039614,-1.029299
6420,0.039248,0.027162,-1.02881
6435,0.030947,0.026918,-1.030275
6451,0.039614,0.025575,-1.030764
6467,0.036684,0.028871,-1.027223
6482,0.039736,0.035952,-1.019899
6498,0.045718,0.041201,-1.014894
6513,0.051212,0.03937,-1.010987
6529,0.049136,0.036318,-1.011109
6545,0.049014,0.02411,-1.014894
6560,0.042056,0.035219,-1.002442
6576,0.041934,0.040713,-1.007813
6592,0.036074,0.03351,-1.022829
6608,0.027773,0.02643,-1.034548
6640,0.028261,0.027284,-1.036623
6654,0.021791,0.046206,-1.029177
6670,0.028261,0.049502,-1.027467
6685,0.025331,0.045474,-1.032106
6701,0.027651,0.030947,-1.036867
6717,0.038027,0.025941,-1.035403
6732,0.040103,0.037417,-1.023683
6748,0.044864,0.040591,-1.018312
6763,0.047916,0.044009,-1.010621
6779,0.046451,0.043277,-1.007325
6795,0.043154,0.040713,-1.013062
6810,0.042544,0.03644,-1.01526
6826,0.041079,0.028627,-1.02234
6842,0.033388,0.023988,-1.020387
6857,0.037051,0.032045,-1.02234
6873,0.038149,0.030703,-1.022829
6889,0.038882,0.025209,-1.020997
6904,0.038638,0.022035,-1.019532
6920,0.034365,0.028261,-1.021242
6935,0.039004,0.02704,-1.019288
6951,0.037417,0.033144,-1.016358
6967,0.03876,0.024477,-1.027834
6982,0.034487,0.035586,-1.027345
6998,0.028749,0.03998,-1.032351
7013,0.041079,0.039614,-1.024293
7029,0.040591,0.027651,-1.018312
7045,0.033632,0.025331,-1.017213
7060,0.032534,0.025209,-1.015382
7076,0.036684,0.026064,-1.019655
7092,0.04291,0.025819,-1.012086
7107,0.046573,0.039614,-1.01233
7123,0.042056,0.043643,-1.020509
7139,0.030336,0.023012,-1.024293
7155,0.028505,0.022768,-1.030519
7170,0.037173,0.035097,-1.017823
7186,0.040469,0.037295,-1.016603
7201,0.051822,0.034487,-1.007691
7217,0.046451,0.031313,-1.009156
7232,0.043887,0.024599,-1.009644
7248,0.041567,0.020082,-1.014283
7263,0.040469,0.036318,-1.018312
7279,0.03351,0.036074,-1.026735
7295,0.030947,0.032778,-1.034426
7310,0.022035,0.034243,-1.036013
7326,0.032045,0.032778,-1.031618
7342,0.0329,0.032412,-1.030642
7357,0.032167,0.03351,-1.025514
7373,0.029238,0.038271,-1.025148
7389,0.029604,0.040713,-1.023561
7404,0.02936,0.029726,-1.023805
7420,0.03644,0.030947,-1.02173
7435,0.03583,0.034487,-1.022951
7451,0.033144,0.028261,-1.020387
7467,0.033388,0.030092,-1.019655
7482,0.03644,0.026308,-1.020021
7498,0.032045,0.022035,-1.023439
7514,0.027406,0.03351,-1.021119
7533,0.028261,0.030092,-1.019166
7545,0.03644,0.033022,-1.024415
7560,0.03644,0.034731,-1.026857
7576,0.033144,0.037051,-1.017091
7592,0.030458,0.037905,-1.022829
7608,0.035464,0.040347,-1.02527
7624,0.039736,0.038271,-1.02588
7640,0.025453,0.042788,-1.020387
7654,0.027162,0.034975,-1.021242
7671,0.027529,0.025087,-1.020997
7686,0.037905,0.030336,-1.019777
7701,0.041323,0.023378,-1.024538
7717,0.036929,0.021547,-1.016603
7732,0.031557,0.046451,-1.015138
7748,0.031069,0.044131,-1.026979
7763,0.031557,0.036684,-1.032595
7779,0.015443,0.018006,-1.031862
7795,0.021181,0.020814,-1.026003
7811,0.030214,0.023256,-1.017701
7826,0.040103,0.020936,-1.015992
7842,0.037417,0.023012,-1.008545
7857,0.038516,0.025453,-1.011842
7873,0.032167,0.020448,-1.007203
7889,0.033632,0.017274,-1.020509
7904,0.031191,0.014955,-1.01941
7920,0.02936,0.018373,-1.019777
7936,0.032167,0.034975,-1.018067
7951,0.035097,0.033754,-1.020875
7967,0.039736,0.051212,-1.019288
7982,0.040957,0.060612,-1.023439
7998,0.039004,0.062199,-1.028078
8013,0.022645,0.04877,-1.038821
8029,0.018617,0.038882,-1.038699
8045,0.016664,0.038271,-1.02881
8060,0.017762,0.034975,-1.035158
8076,0.022523,0.02643,-1.029177
8092,0.020448,0.020448,-1.019288
8107,0.018006,0.0047,-1.014649
8123,0.027529,0.001892,-1.016114
8138,0.025453,0.004456,-1.013306
8154,0.025941,0.002869,-1.015748
8170,0.024599,0.001282,-1.016236
8186,0.024232,0.003113,-1.014527
8202,0.028383,0.018739,-1.012574
8217,0.034243,0.031069,-1.0188
8232,0.036318,0.033754,-1.022707
8248,0.037661,0.034121,-1.020631
8263,0.036806,0.045962,-1.021608
8279,0.034975,0.048526,-1.022707
8295,0.030703,0.032167,-1.024049
8310,0.030703,0.03229,-1.023927
8326,0.03351,0.040103,-1.024049
8342,0.028749,0.034853,-1.023317
8357,0.021547,0.014222,-1.017579
8373,0.020814,0.013123,-1.012696
8389,0.026064,0.02289,-1.019288
8404,0.030947,0.034853,-1.026247
8420,0.031313,0.03937,-1.02588
8435,0.02643,0.033266,-1.02881
8451,0.014955,0.03998,-1.0282
8467,0.020448,0.037051,-1.030886
8482,0.024354,0.0235,-1.034182
8498,0.023866,0.030825,-1.026613
8513,0.025697,0.027284,-1.018434
8529,0.024721,0.025575,-1.017579
8545,0.026918,0.019471,-1.006836
8560,0.034365,0.02057,-1.012696
8576,0.033388,0.028017,-1.019655
8603,0.02936,0.032656,-1.016358
8618,0.022279,0.033877,-1.014283
8634,0.028627,0.037661,-1.031008
8651,0.023866,0.033877,-1.028566
8665,0.022279,0.028139,-1.034304
8681,0.020814,0.024232,-1.036135
8697,0.015931,0.027773,-1.036135
8712,0.010926,0.032045,-1.02173
8728,0.024477,0.038271,-1.018678
8744,0.029848,0.037661,-1.020265
8759,0.021303,0.025331,-1.027712
8775,0.019349,0.012269,-1.023317
8790,0.019105,0.022401,-1.027834
8806,0.017396,0.023256,-1.029055
8821,0.021303,0.034487,-1.033816
8837,0.015321,0.036562,-1.031618
8853,0.01703,0.033022,-1.029787
8868,0.015931,0.034365,-1.026735
8884,0.02411,0.028749,-1.017335
8899,0.039004,0.032045,-1.013917
8915,0.033999,0.050235,-1.019777
8931,0.028749,0.039126,-1.020997
8946,0.031679,0.028993,-1.027345
8962,0.022645,0.027773,-1.026857
8978,0.021547,0.037051,-1.018067
8993,0.028993,0.022645,-1.016847
9009,0.03229,0.015931,-1.028322
9025,0.026552,0.029604,-1.022218
9040,0.023744,0.034975,-1.01648
9056,0.02057,0.030947,-1.01941
9071,0.0141,0.015565,-1.019777
9087,0.014222,0.017152,-1.016114
9103,0.029604,0.021791,-1.013673
9118,0.029726,0.018739,-1.01819
9134,0.027773,0.018495,-1.024538
9150,0.015809,0.01056,-1.022218
9165,0.012757,0.010926,-1.023317
9181,0.015687,0.002747,-1.029055
9197,0.018495,-0.002258,-1.017335
9213,0.023866,0.002747,-1.008912
9228,0.029238,0.018251,-1.006348
9243,0.027529,0.024721,-1.013062
9259,0.021547,0.018617,-1.013429
9275,0.023256,0.033144,-1.010255
9290,0.024232,0.044864,-1.011964
9306,0.032412,0.045962,-1.017579
9321,0.034365,0.046329,-1.026735
9337,0.034365,0.032534,-1.03406
9353,0.028627,0.021791,-1.038088
9368,0.019471,0.026918,-1.024293
9385,0.021303,0.025819,-1.029909
9400,0.021303,0.025941,-1.025636
9415,0.02704,0.030092,-1.029421
9431,0.026796,0.035219,-1.028078
9447,0.026918,0.039614,-1.025148
9462,0.029848,0.041445,-1.023927
9478,0.035708,0.0423,-1.027345
9493,0.050723,0.07404,-1.007447
9509,0.058414,0.065739,-1.02234
9525,0.033877,0.038271,-1.011353
9540,0.006409,0.011903,-1.017823
9556,-0.021181,-0.034121,-1.04407
9571,0.000061,-0.011048,-1.015138
9587,0.00763,0.006531,-1.003784
9603,0.02936,0.032656,-0.996948
9618,0.043399,0.025941,-1.010377
9635,0.037051,0.017396,-1.011964
9651,0.015443,0.010193,-1.016725
9665,0.009339,0.010071,-1.023195
9681,0.000183,0.011292,-1.030642
9696,-0.006775,0.015199,-1.037722
9712,-0.015809,0.013123,-1.046145
9728,-0.013368,0.000793,-1.041262
9743,-0.010804,-0.004334,-1.041628
9759,-0.008484,-0.00177,-1.025148
9775,-0.005677,0.001282,-1.020631
9790,0.010193,-0.005799,-1.031984
9806,0.011903,-0.007386,-1.033816
9821,0.007996,0.011658,-1.026979
9837,0.00824,0.035097,-1.033693
9853,0.008362,0.0329,-1.036013
9868,-0.001404,0.025331,-1.036623
9884,-0.011292,0.007142,-1.02881
9900,-0.007996,0.000183,-1.020509
9915,0.007264,0.00763,-1.019288
9931,0.025941,0.028749,-1.014039
9946,0.040469,0.039614,-1.013429
9962,0.046695,0.057926,-1.007813
9978,0.043399,0.048648,-1.011842
9993,0.040103,0.041812,-1.0094
10009,0.040835,0.026308,-1.012208
10025,0.034365,0.018861,-1.016969
10040,0.020936,0.007508,-1.01587
10056,0.00824,-0.002503,-1.01294
10071,0.003357,-0.012879,-1.020509
10087,0.002503,-0.012513,-1.020143
10103,0.001282,-0.010926,-1.023073
10118,0.003357,-0.008362,-1.032717
10134,0.012757,0.015321,-1.03467
10149,0.021425,0.031923,-1.034914
10165,0.027284,0.046329,-1.032961
10181,0.024477,0.054264,-1.033327
10196,0.034243,0.02643,-1.068241
10212,0.039492,-0.024843,-1.085454
10228,0.041934,-0.020814,-1.033083
10244,0.033388,-0.00763,-0.997925
10259,0.045596,0.028017,-0.996094
10274,0.069645,0.077825,-1.030886
10290,0.093328,0.117744,-1.062016
10306,0.019471,0.05756,-1.029665
10321,0.023134,-0.052677,-1.004883
10338,0.043154,0.2115,-1.036257
10353,-0.01764,0.536471,-0.946408
10368,-0.004944,0.465666,-0.970945
10384,0.03229,0.35018,-0.942257
10400,-0.047183,0.476653,-0.905146
10415,-0.068303,0.543307,-0.96887
10431,-0.122505,0.526949,-1.055912
10446,-0.105658,0.718367,-0.991088
10462,-0.033877,0.73558,-0.778185
10478,0.083684,0.729964,-0.665507
10493,0.138497,0.702008,-0.586645
10509,0.159861,0.66978,-0.524995
10524,0.182934,0.739242,-0.367393
10540,0.255936,0.766954,-0.243972
10556,0.364341,0.818348,-0.154001
10571,0.393884,0.841299,-0.13398
10587,0.274614,0.922236,-0.146066
10603,0.130318,0.834951,-0.174754
10618,0.241287,0.916987,0.000793
10634,0.271562,0.960325,0.12751
10651,0.298175,0.984374,0.247635
10665,0.376549,1.021241,0.52878
10681,0.316609,0.997436,0.533663
10697,0.335897,0.933101,0.383996
10712,0.326497,0.935543,0.373131
10728,0.316609,0.935909,0.363242
10743,0.304279,0.93359,0.35311
10759,0.2209,0.937374,0.288409
10774,0.156321,0.954587,0.247879
10791,0.071843,0.925655,0.234328
10807,-0.219435,0.997436,0.25557
10821,0.059391,1.13453,0.41952
10837,0.145089,1.000366,0.428676
10853,0.10224,0.940548,0.50412
10869,0.162302,0.677715,0.515351
10884,0.224562,0.68919,0.53232
10900,0.246048,0.654154,0.561375
10915,0.253372,0.637307,0.598975
10931,0.253006,0.598608,0.602271
10946,0.111884,0.52939,0.682842
10962,-0.033266,0.65098,0.76732
10978,0.062321,0.798816,0.827748
10993,0.102362,0.747665,0.850699
11009,0.074406,0.590673,0.764146
11024,0.088934,0.562229,0.770005
11041,0.099066,0.561985,0.778063
11056,-0.066349,0.457608,0.763902
11071,0.069279,0.479094,0.656839
11087,0.204053,0.503632,0.775377
11103,0.084051,0.425014,0.800281
11118,0.075383,0.463468,0.8214
11134,0.088934,0.464201,0.823476
11150,0.095404,0.402551,0.860099
11165,0.088812,0.34017,0.850088
11181,0.092352,0.281816,0.86254
11196,0.112128,0.207471,0.887444
11212,0.100531,0.214674,0.956296
11228,0.088812,0.26204,0.987304
11243,0.112617,0.259232,1.008057
11259,0.091864,0.214918,0.94299
11275,0.120308,0.181713,0.863151
11290,0.24031,0.107001,0.76732
11306,0.210889,-0.036196,0.805042
11321,0.213575,-0.12104,0.830434
11337,0.250809,-0.045962,0.878411
11353,0.27437,0.018129,0.946164
11368,0.26912,0.013978,0.960081
11384,0.215895,-0.122505,1.004151
11400,0.185497,-0.20271,1.033938
11415,0.130562,-0.216383,0.991455
11431,0.14045,-0.227614,0.958982
11446,0.166819,-0.252884,0.948727
11462,0.293048,-0.308429,0.977049
11478,0.315754,-0.293902,1.040164
11493,0.179027,-0.258011,0.976805
11509,0.204785,-0.352988,0.919795
11525,0.23091,-0.398035,0.872673
11540,0.238357,-0.41659,0.859733
11556,0.243972,-0.362388,0.885735
11571,0.226515,-0.319905,0.895379
11587,0.211133,-0.322346,0.867912
11603,0.203076,-0.327107,0.855216
11618,0.186474,-0.357139,0.840811
11635,0.175975,-0.415247,0.844717
11653,0.201367,-0.444424,0.862907
11665,0.237991,-0.514375,0.934688
11681,0.189037,-0.514253,0.938107
11696,0.138497,-0.517915,0.926265
11712,0.160837,-0.51291,0.888177
11728,0.191845,-0.504242,0.822621
11743,0.202466,-0.454801,0.800769
11759,0.175975,-0.394616,0.811634
11775,0.178905,-0.36837,0.845694
11791,0.182201,-0.395227,0.896844
11806,0.148874,-0.455411,0.906855
11821,0.124092,-0.477263,0.867912
11837,0.120063,-0.477141,0.856925
11853,0.120674,-0.47299,0.844839
11868,0.140206,-0.469694,0.855582
11884,0.122627,-0.473479,0.884514
11900,0.078923,-0.470915,0.915156
11915,0.065739,-0.484344,0.899652
11931,0.108344,-0.467131,0.871574
11946,0.125435,-0.379357,0.856192
11962,0.093451,-0.402185,0.875725
11978,0.078923,-0.418422,0.875114
11993,0.078069,-0.423671,0.874504
12009,0.077703,-0.425014,0.870598
12025,0.083562,-0.434292,0.85192
12040,0.089178,-0.438442,0.82433
12056,0.109565,-0.432216,0.81493
12071,0.116035,-0.441983,0.847037
12087,0.110175,-0.458951,0.890496
12103,0.096624,-0.463957,0.899286
12118,0.065739,-0.482879,0.897577
12134,0.147287,-0.520967,0.86193
12150,0.104315,-0.50644,0.918208
12165,0.075627,-0.492645,0.931636
12181,0.092596,-0.471647,0.917842
12197,0.091619,-0.485198,0.884148
12212,0.073552,-0.512421,0.841665
12228,0.084783,-0.523408,0.84374
12243,0.084539,-0.523775,0.844717
12259,0.079167,-0.521089,0.874992
12275,0.069279,-0.502045,0.890252
12290,0.072941,-0.497528,0.900751
12306,0.078313,-0.494842,0.911616
12321,0.078191,-0.493133,0.922847
12337,0.060734,-0.488494,0.937618
12353,0.037539,-0.48117,0.919917
12368,0.063786,-0.466764,0.885247
12384,0.056461,-0.44711,0.850088
12400,0.070134,-0.432216,0.852164
12415,0.064152,-0.397668,0.885979
12431,0.040591,-0.371422,0.907709
12446,0.026796,-0.373131,0.898798
12463,0.0423,-0.392785,0.875481
12478,0.039248,-0.394372,0.856314
12493,0.038638,-0.382042,0.831533
12509,0.071721,-0.368858,0.828969
12525,0.088079,-0.362998,0.828603
12545,0.099921,-0.370811,0.854605
12556,0.071965,-0.409754,0.920894
12571,0.050601,-0.420253,0.945187
12587,0.053653,-0.425136,0.927486
12603,0.094916,-0.429531,0.910395
12618,0.084295,-0.456266,0.905878
12634,0.081975,-0.455289,0.903559
12652,0.08283,-0.455411,0.902948
12665,0.074162,-0.452603,0.91247
12681,0.078313,-0.420253,0.917353
12696,0.084539,-0.392053,0.916621
12712,0.090276,-0.390222,0.919917
12728,0.084295,-0.390099,0.931148
12743,0.05756,-0.381798,0.944821
12759,0.049991,-0.414393,0.832631
12775,0.048892,-0.423305,0.827504
12790,0.033754,-0.42599,0.841055
12806,0.046451,-0.411829,0.854361
12823,0.068913,-0.407679,0.900629
12837,0.046329,-0.425746,0.929439
12853,0.016297,-0.445645,0.946774
12868,0.002258,-0.46945,0.92187
12884,0.033266,-0.474821,0.863151
12900,0.073186,-0.463102,0.852774
12915,0.075383,-0.449918,0.897699
12931,0.04291,-0.438564,0.938473
12946,0.020326,-0.430019,0.954343
12962,0.041934,-0.423183,0.929805
12978,0.067082,-0.433925,0.889642
12994,0.072941,-0.413905,0.894159
13009,0.059269,-0.379967,0.914423
13025,0.049747,-0.367271,0.918086
13040,0.047671,-0.370323,0.912104
13056,0.065495,-0.366172,0.897088
13071,0.078679,-0.397546,0.885857
13087,0.063908,-0.423793,0.887811
13103,0.040957,-0.461393,0.895624
13118,0.030703,-0.473845,0.910273
13134,0.030581,-0.440273,0.879509
13150,0.033022,-0.414515,0.874016
13165,0.031923,-0.406458,0.874138
13181,0.033999,-0.420009,0.878655
13196,0.032778,-0.429531,0.890008
13212,0.037905,-0.419642,0.892572
13228,0.027651,-0.419642,0.894891
13243,0.023744,-0.417689,0.900507
13259,0.026796,-0.412073,0.902216
13275,0.03229,-0.414881,0.906488
13290,0.032412,-0.41659,0.906
13306,0.034121,-0.41244,0.903314
13321,0.038516,-0.419032,0.897699
13338,0.037905,-0.418055,0.881707
13353,0.036684,-0.425502,0.866691
13368,0.025453,-0.43832,0.885491
13384,0.024599,-0.436489,0.905268
13400,0.033754,-0.429164,0.889764
13415,0.035952,-0.425868,0.890862
13431,0.040103,-0.42538,0.897088
13446,0.037905,-0.423427,0.904413
13462,0.039126,-0.413661,0.905756
13478,0.037295,-0.415247,0.908686
13493,0.032534,-0.420131,0.907343
13509,0.035097,-0.41537,0.910395
13525,0.036929,-0.412928,0.908686
13540,0.04291,-0.41537,0.897943
13556,0.04169,-0.415003,0.88134
13571,0.029848,-0.410609,0.888299
13587,0.043399,-0.409022,0.897943
13603,0.03644,-0.416835,0.905268
13618,0.029848,-0.42477,0.907953
13634,0.026186,-0.426479,0.910517
13651,0.044742,-0.421229,0.908442
13665,0.046451,-0.418422,0.898187
13681,0.038516,-0.426967,0.895624
13696,0.029726,-0.434047,0.90246
13712,0.019349,-0.43771,0.898431
13728,0.019716,-0.437344,0.888909
13743,0.031069,-0.427944,0.874382
13759,0.040103,-0.412684,0.875969
13775,0.033388,-0.398279,0.889642
13790,0.02289,-0.392297,0.908075
13806,0.012391,-0.411341,0.909907
13821,0.031435,-0.424403,0.89306
13837,0.036806,-0.424159,0.888421
13853,0.04291,-0.426112,0.887811
13868,0.040713,-0.419398,0.889031
13884,0.037417,-0.406946,0.901483
13900,0.031679,-0.403772,0.917842
13915,0.024843,-0.407068,0.919429
13931,0.025941,-0.407801,0.920527
13946,0.026918,-0.411219,0.920283
13962,0.034975,-0.421596,0.885491
13978,0.0423,-0.418422,0.871818
13993,0.039492,-0.408167,0.879265
14009,0.041567,-0.405237,0.889886
14025,0.026552,-0.413172,0.908808
14040,0.020448,-0.429653,0.903559
14056,0.024354,-0.418177,0.902338
14071,0.028627,-0.404749,0.895868
14087,0.036318,-0.397668,0.888421
14103,0.035586,-0.391076,0.901239
14118,0.031557,-0.395715,0.908564
14134,0.03229,-0.399011,0.907343
14150,0.035586,-0.400598,0.902826
14165,0.031557,-0.396936,0.901605
14181,0.025697,-0.403284,0.895135
14196,0.026186,-0.407801,0.90014
14212,0.02997,-0.413416,0.904169
14228,0.03351,-0.415247,0.91247
14244,0.031923,-0.419642,0.918208
14259,0.022401,-0.427089,0.923701
14275,0.019227,-0.424525,0.911372
14290,0.020448,-0.40719,0.895624
14306,0.02411,-0.392907,0.889275
14322,0.037783,-0.378014,0.885857
14337,0.0517,-0.370201,0.893548
14353,0.04938,-0.380822,0.906
14369,0.046206,-0.393151,0.912592
14384,0.043277,-0.412562,0.914301
14400,0.036684,-0.422328,0.913447
14415,0.027651,-0.42245,0.906733
14431,0.025819,-0.420497,0.896722
14447,0.016541,-0.413905,0.900873
14462,0.002991,-0.405603,0.899896
14478,-0.000061,-0.410975,0.900629
14494,0.006775,-0.412806,0.896722
14509,0.004334,-0.414759,0.898431
14525,0.006409,-0.419276,0.907343
14540,-0.000916,-0.422328,0.907953
14556,-0.00238,-0.422694,0.906977
14572,-0.001526,-0.422816,0.903314
14588,0.000916,-0.425502,0.903803
14603,0.006775,-0.424159,0.895135
14619,0.018129,-0.413905,0.879753
14634,0.016541,-0.414759,0.879265
14651,0.027529,-0.409144,0.874382
14665,0.04291,-0.386803,0.901483
14681,0.036196,-0.396448,0.915766
14696,0.034365,-0.397302,0.935299
14712,0.027773,-0.394494,0.936153
14728,0.0235,-0.399499,0.911616
14744,0.031923,-0.41012,0.887688
14759,0.033632,-0.406458,0.884759
14775,0.022279,-0.400476,0.880486
14790,0.007874,-0.399255,0.883904
14806,0.005677,-0.402673,0.879387
14823,0.006653,-0.407679,0.880486
14837,0.010926,-0.410975,0.885491
14853,0.016664,-0.408777,0.900018
14868,0.018129,-0.401575,0.91833
14884,0.013734,-0.394983,0.928951
14900,0.0235,-0.391564,0.914301
14915,0.033754,-0.391809,0.901361
14931,0.042422,-0.386681,0.894525
14946,0.03351,-0.38424,0.901361
14962,0.023378,-0.389977,0.90893
14978,0.028017,-0.391076,0.912226
14994,0.026796,-0.393762,0.904657
15009,0.030703,-0.396325,0.907953
15025,0.033266,-0.39425,0.911127
15040,0.034853,-0.394372,0.912714
15056,0.023988,-0.402185,0.933956
15071,0.008484,-0.411951,0.934811
15087,0.010804,-0.418544,0.916255
15103,0.019716,-0.410853,0.889398
15119,0.018983,-0.407312,0.874748
15134,0.030947,-0.381554,0.882073
15150,0.014588,-0.364829,0.901727
15165,0.0235,-0.372887,0.894037
15181,0.028505,-0.374718,0.894037
15197,0.028749,-0.384484,0.900873
15212,0.02997,-0.382653,0.901727
15228,0.025209,-0.39657,0.913203
15244,0.019471,-0.420863,0.932369
15259,0.015199,-0.424037,0.926509
15275,0.022157,-0.418177,0.911372
15291,0.032534,-0.410609,0.907343
15306,0.024843,-0.393762,0.912592
15321,0.022523,-0.385094,0.916377
15337,0.017152,-0.382653,0.917109
15353,0.029604,-0.383629,0.913935
15368,0.033388,-0.383996,0.908808
15384,0.033999,-0.390466,0.905146
15400,0.027406,-0.389733,0.903681
15415,0.022279,-0.390222,0.902582
15431,0.01703,-0.387902,0.904779
15446,0.016541,-0.389733,0.903192
15462,0.0235,-0.384728,0.906855
15478,0.020326,-0.384362,0.906488
15493,0.010438,-0.388757,0.907099
15509,0.007996,-0.386925,0.907465
15525,0.010804,-0.385461,0.90661
15540,0.009461,-0.390954,0.888787
15556,0.015809,-0.386193,0.887688
15571,0.013001,-0.389611,0.898065
15587,0.016053,-0.389977,0.907587
15603,0.02057,-0.388757,0.913447
15618,0.024721,-0.391931,0.910151
15634,0.023866,-0.391076,0.903192
15651,0.028993,-0.389855,0.907953
15665,0.029848,-0.39779,0.916255
15681,0.027529,-0.403528,0.923335
15696,0.016297,-0.404383,0.939694
15712,0.006531,-0.404627,0.929927
15728,0.005555,-0.40658,0.91479
15743,0.005677,-0.398645,0.898431
15759,0.016786,-0.396203,0.891229
15775,0.021181,-0.386315,0.894403
15790,0.019471,-0.372642,0.904779
15806,0.018739,-0.364341,0.908198
15821,0.023378,-0.358359,0.906122
15837,0.025819,-0.357505,0.905268
15853,0.026674,-0.356284,0.905756
15868,0.026552,-0.355796,0.906244
15884,0.023622,-0.353964,0.905268
15900,0.025087,-0.351157,0.908442
15916,0.026186,-0.353598,0.90954
15931,0.02997,-0.364097,0.908686
15946,0.035708,-0.369957,0.902826
15962,0.032656,-0.397546,0.914301
15978,0.022523,-0.405481,0.917598
15993,0.0141,-0.415858,0.920283
16009,0.018861,-0.41305,0.910639
16025,0.031557,-0.404871,0.905512
16040,0.041567,-0.380944,0.917109
16056,0.042422,-0.36544,0.934811
16071,0.026796,-0.365074,0.95593
16087,0.024843,-0.365562,0.95361
16103,0.032534,-0.376061,0.931392
16118,0.044742,-0.379967,0.904779
16134,0.040347,-0.37838,0.886224
16150,0.018129,-0.378014,0.88659
16165,0.012269,-0.372398,0.890985
16181,0.012391,-0.379967,0.899652
16197,0.004944,-0.380944,0.900873
16212,-0.00116,-0.390222,0.899408
16228,-0.000305,-0.388024,0.907099
16243,-0.003845,-0.395349,0.909296
16259,-0.007508,-0.396448,0.903803
16275,-0.00409,-0.392785,0.884881
16290,0.002625,-0.393029,0.869011
16306,0.025087,-0.377159,0.869987
16321,0.043032,-0.379357,0.934933
16337,0.03229,-0.389855,0.961057
16353,0.018006,-0.406214,0.956174
16368,0.015199,-0.414515,0.941159
16384,0.014955,-0.402673,0.917598
16400,0.024477,-0.39132,0.906
16415,0.028139,-0.364097,0.918086
16431,0.019105,-0.355307,0.931026
16447,0.002503,-0.352377,0.92712
16462,0.015565,-0.35372,0.903681
16478,0.026918,-0.350424,0.895135
16493,0.024354,-0.351401,0.894037
16509,0.027406,-0.355185,0.893914
16525,0.017518,-0.354453,0.892083
16540,0.015687,-0.357139,0.897699
16556,0.023988,-0.366538,0.908075
16571,0.027284,-0.372887,0.91772
16587,0.016297,-0.380944,0.924922
16603,0.014344,-0.384972,0.935177
16618,0.015321,-0.384606,0.933712
16634,0.019838,-0.380333,0.931392
16651,0.017762,-0.381188,0.923823
16665,0.014832,-0.383874,0.908808
16681,0.006409,-0.375816,0.898798
16696,0.012513,-0.369835,0.906244
16713,0.015809,-0.36251,0.909174
16728,0.006775,-0.363242,0.913325
16744,0.005555,-0.366538,0.910761
16759,0.00531,-0.370079,0.906366
16775,0.021425,-0.365928,0.898431
16790,0.018983,-0.368614,0.908686
16806,0.017884,-0.369468,0.920527
16821,0.01764,-0.382897,0.927852
16837,0.011781,-0.379112,0.935909
16853,0.010438,-0.383385,0.935543
16868,0.010926,-0.38192,0.914546
16884,0.020082,-0.375938,0.906977
16900,0.01703,-0.375938,0.902826
16915,0.016908,-0.369346,0.904901
16931,0.012147,-0.36544,0.910151
16947,0.014466,-0.360068,0.916743
16963,0.004212,-0.368125,0.920405
16978,0.003601,-0.369835,0.911494
16993,0.011536,-0.36837,0.890496
17009,0.013368,-0.372276,0.890618
17025,0.010804,-0.373009,0.88952
17040,0.013368,-0.374229,0.90246
17056,0.007142,-0.377159,0.929683
17072,0.001648,-0.382286,0.945797
17087,0.000671,-0.383751,0.938961
17103,0.003723,-0.388512,0.930171
17118,0.004212,-0.388024,0.929683
17134,0.00824,-0.387536,0.929805
17150,0.011292,-0.386681,0.928707
17165,0.019471,-0.378502,0.910395
17181,0.01996,-0.367759,0.912592
17196,0.012269,-0.361411,0.917475
17213,0.007996,-0.363609,0.914668
17228,0.003601,-0.367027,0.912714
17244,0.001526,-0.373253,0.903314
17259,0.010071,-0.366661,0.90539
17275,0.012879,-0.367759,0.91479
17290,0.003357,-0.373863,0.926509
17306,0.003723,-0.373497,0.919429
17321,0.005066,-0.36898,0.906733
17337,0.016541,-0.354087,0.902338
17353,0.020326,-0.351401,0.913203
17368,0.018129,-0.358481,0.926509
17384,0.000427,-0.372887,0.935787
17400,-0.000671,-0.379601,0.936642
17415,0.000916,-0.381188,0.932857
17431,0.016786,-0.380822,0.918818
17447,0.037783,-0.379357,0.91125
17463,0.035586,-0.377281,0.915034
17478,0.011781,-0.370445,0.935299
17493,0.002258,-0.365196,0.936031
17509,0.008484,-0.366172,0.907831
17525,0.023256,-0.369224,0.889764
17540,0.01056,-0.366783,0.911494
17556,-0.008118,-0.36544,0.921992
17571,-0.000671,-0.363731,0.914668
17587,0.012269,-0.366538,0.905023
17603,0.013612,-0.368736,0.897088
17618,0.003723,-0.378258,0.912348
17634,0.002136,-0.376549,0.921504
17650,0.004334,-0.379357,0.923457
17667,0.009949,-0.387536,0.920894
17681,0.014588,-0.386071,0.916865
17697,0.011903,-0.385461,0.916865
17712,0.013856,-0.373375,0.917964
17728,0.014588,-0.348593,0.913935
17743,0.02643,-0.341635,0.912836
17759,0.026308,-0.339193,0.908075
17775,0.027284,-0.337118,0.908198
17790,0.02997,-0.338338,0.908075
17806,0.030703,-0.341146,0.907831
17822,0.026064,-0.342245,0.906
17838,0.024477,-0.341879,0.905512
17853,0.026308,-0.340536,0.904901
17868,0.024965,-0.341635,0.905634
17884,0.023744,-0.345297,0.908198
17900,0.026796,-0.344198,0.912836
17915,0.024843,-0.346762,0.913203
17931,0.023378,-0.34725,0.914546
17947,0.023744,-0.346396,0.917842
17962,0.026064,-0.345785,0.918452
17979,0.026186,-0.345297,0.916133
17993,0.023866,-0.346274,0.916255
18009,0.022645,-0.347739,0.918574
18025,0.021547,-0.349692,0.920771
18040,0.020692,-0.351767,0.92187
18056,0.018373,-0.352866,0.923579
18072,0.017518,-0.35079,0.925899
18087,0.01764,-0.354331,0.926753
18103,0.016541,-0.358359,0.928218
18118,0.015565,-0.361289,0.929195
18134,0.014222,-0.361655,0.931148
18150,0.013856,-0.359824,0.933346
18165,0.01349,-0.360313,0.932979
18181,0.012025,-0.361655,0.931759
18197,0.010926,-0.362998,0.931759
18212,0.009827,-0.362876,0.931514
18228,0.008729,-0.360679,0.929683
18244,0.008973,-0.362388,0.928829
18259,0.008973,-0.367027,0.929805
18275,0.007508,-0.368492,0.930049
18291,0.007386,-0.366538,0.929439
18307,0.00824,-0.364829,0.928462
18321,0.007264,-0.366294,0.92834
18337,0.005066,-0.369102,0.929073
18353,0.004456,-0.370689,0.929439
18369,0.005188,-0.370567,0.929195
18385,0.009095,-0.367881,0.926631
18400,0.011658,-0.367393,0.922969
18415,0.010071,-0.370201,0.922603
18431,0.009705,-0.375694,0.920771
18448,0.017396,-0.376671,0.912348
18462,0.024599,-0.378502,0.905268
18478,0.023134,-0.377159,0.905146
18494,0.020692,-0.375572,0.907221
18509,0.022157,-0.380944,0.90832
18525,0.023622,-0.383019,0.907953
18540,0.008118,-0.379845,0.914668
18556,0.029116,-0.368125,0.915278
18572,0.010926,-0.373131,0.921138
18598,0.022645,-0.351645,0.906488
18614,0.02289,-0.348349,0.90661
18630,0.024232,-0.345541,0.910151
18645,0.028383,-0.338338,0.915034
18661,0.025453,-0.33077,0.920771
18676,0.025331,-0.359824,0.916865
18692,0.012879,-0.406092,0.911372
18708,0.010316,-0.403162,0.913203
18723,-0.001404,-0.405115,0.910761
18739,0.000916,-0.398767,0.907709
18755,-0.000305,-0.392907,0.915156
18770,-0.017396,-0.38424,0.916499
18786,-0.017152,-0.384118,0.914668
18801,-0.001404,-0.376061,0.901117
18817,0.021913,-0.364097,0.891229
18834,0.0235,-0.362876,0.892572
18849,0.017152,-0.363975,0.916133
18865,0.012269,-0.369346,0.921138
18880,0.010071,-0.367637,0.919185
18895,0.019227,-0.366905,0.924556
18911,0.019349,-0.372764,0.91247
18926,0.019716,-0.387414,0.900507
18942,0.006653,-0.381432,0.913447
18958,-0.001892,-0.373009,0.927242
18973,0.009583,-0.373497,0.947995
18989,0.007874,-0.382897,0.94946
19005,0.006653,-0.384484,0.948117
19020,0.002136,-0.388757,0.936397
19036,0.003113,-0.391931,0.924434
19051,-0.002869,-0.394006,0.917475
19067,-0.001038,-0.392297,0.915034
19083,-0.005432,-0.375084,0.889153
19098,-0.00116,-0.366783,0.885857
19114,0.005432,-0.330037,0.865714
19130,0.006531,-0.327229,0.866447
19145,0.006531,-0.321248,0.865959
19161,0.00824,-0.316487,0.867424
19176,0.009705,-0.313435,0.869011
19192,0.010071,-0.310383,0.869133
19208,0.010071,-0.306842,0.869499
19223,0.011903,-0.303913,0.869377
19239,0.015077,-0.302081,0.870476
19255,-0.005677,-0.33199,0.912592
19270,-0.007996,-0.393518,0.906244
19286,-0.005799,-0.394738,0.906
19302,0.001892,-0.387048,0.912836
